id,#,Name,Type,HP,Attack,Defense,Sp. Atk,Sp. Def
0,1,Bulbasaur,Grass Poison,45,49,49,65,65
1,2,Ivysaur,Grass Poison,60,62,63,80,80
2,3,Venusaur,Grass Poison,80,82,83,100,100
3,4,Charmander,Fire,39,52,43,60,50
4,5,Charmeleon,Fire,58,64,58,80,65
5,6,Charizard,Fire Flying,78,84,78,109,85
6,7,Squirtle,Water,44,48,65,50,64
7,8,Wartortle,Water,59,63,80,65,80
8,9,Blastoise,Water,79,83,100,85,105
9,10,Caterpie,Bug,45,30,35,20,20
10,11,Metapod,Bug,50,20,55,25,25
11,12,Butterfree,Bug Flying,60,45,50,90,80
12,13,Weedle,Bug Poison,40,35,30,20,20
13,14,Kakuna,Bug Poison,45,25,50,25,25
14,15,Beedrill,Bug Poison,65,90,40,45,80
15,16,Pidgey,Normal Flying,40,45,40,35,35
16,17,Pidgeotto,Normal Flying,63,60,55,50,50
17,18,Pidgeot,Normal Flying,83,80,75,70,70
18,19,Rattata,Normal,30,56,35,25,35
19,19,Rattata Alolan Rattata,Dark Normal,30,56,35,25,35
20,20,Raticate,Normal,55,81,60,50,70
21,20,Raticate Alolan Raticate,Dark Normal,75,71,70,40,80
22,21,Spearow,Normal Flying,40,60,30,31,31
23,22,Fearow,Normal Flying,65,90,65,61,61
24,23,Ekans,Poison,35,60,44,40,54
25,24,Arbok,Poison,60,95,69,65,79
26,25,Pikachu,Electric,35,55,40,50,50
27,25,Pikachu Partner Pikachu,Electric,45,80,50,75,60
28,26,Raichu,Electric,60,90,55,90,80
29,26,Raichu Alolan Raichu,Electric Psychic,60,85,50,95,85
30,27,Sandshrew,Ground,50,75,85,20,30
31,27,Sandshrew Alolan Sandshrew,Ice Steel,50,75,90,10,35
32,28,Sandslash,Ground,75,100,110,45,55
33,28,Sandslash Alolan Sandslash,Ice Steel,75,100,120,25,65
34,29,Nidoran♀,Poison,55,47,52,40,40
35,30,Nidorina,Poison,70,62,67,55,55
36,31,Nidoqueen,Poison Ground,90,92,87,75,85
37,32,Nidoran♂,Poison,46,57,40,40,40
38,33,Nidorino,Poison,61,72,57,55,55
39,34,Nidoking,Poison Ground,81,102,77,85,75
40,35,Clefairy,Fairy,70,45,48,60,65
41,36,Clefable,Fairy,95,70,73,95,90
42,37,Vulpix,Fire,38,41,40,50,65
43,37,Vulpix Alolan Vulpix,Ice,38,41,40,50,65
44,38,Ninetales,Fire,73,76,75,81,100
45,38,Ninetales Alolan Ninetales,Ice Fairy,73,67,75,81,100
46,39,Jigglypuff,Normal Fairy,115,45,20,45,25
47,40,Wigglytuff,Normal Fairy,140,70,45,85,50
48,41,Zubat,Poison Flying,40,45,35,30,40
49,42,Golbat,Poison Flying,75,80,70,65,75
50,43,Oddish,Grass Poison,45,50,55,75,65
51,44,Gloom,Grass Poison,60,65,70,85,75
52,45,Vileplume,Grass Poison,75,80,85,110,90
53,46,Paras,Bug Grass,35,70,55,45,55
54,47,Parasect,Bug Grass,60,95,80,60,80
55,48,Venonat,Bug Poison,60,55,50,40,55
56,49,Venomoth,Bug Poison,70,65,60,90,75
57,50,Diglett,Ground,10,55,25,35,45
58,50,Diglett Alolan Diglett,Ground Steel,10,55,30,35,45
59,51,Dugtrio,Ground,35,100,50,50,70
60,51,Dugtrio Alolan Dugtrio,Ground Steel,35,100,60,50,70
61,52,Meowth,Normal,40,45,35,40,40
62,52,Meowth Alolan Meowth,Dark,40,35,35,50,40
63,52,Meowth Galarian Meowth,Steel,50,65,55,40,40
64,53,Persian,Normal,65,70,60,65,65
65,53,Persian Alolan Persian,Dark,65,60,60,75,65
66,54,Psyduck,Water,50,52,48,65,50
67,55,Golduck,Water,80,82,78,95,80
68,56,Mankey,Fighting,40,80,35,35,45
69,57,Primeape,Fighting,65,105,60,60,70
70,58,Growlithe,Fire,55,70,45,70,50
71,58,Growlithe Hisuian Growlithe,Fire Rock,60,75,45,65,50
72,59,Arcanine,Fire,90,110,80,100,80
73,59,Arcanine Hisuian Arcanine,Fire Rock,95,115,80,95,80
74,60,Poliwag,Water,40,50,40,40,40
75,61,Poliwhirl,Water,65,65,65,50,50
76,62,Poliwrath,Water Fighting,90,95,95,70,90
77,63,Abra,Psychic,25,20,15,105,55
78,64,Kadabra,Psychic,40,35,30,120,70
79,65,Alakazam,Psychic,55,50,45,135,95
80,66,Machop,Fighting,70,80,50,35,35
81,67,Machoke,Fighting,80,100,70,50,60
82,68,Machamp,Fighting,90,130,80,65,85
83,69,Bellsprout,Grass Poison,50,75,35,70,30
84,70,Weepinbell,Grass Poison,65,90,50,85,45
85,71,Victreebel,Grass Poison,80,105,65,100,70
86,72,Tentacool,Water Poison,40,40,35,50,100
87,73,Tentacruel,Water Poison,80,70,65,80,120
88,74,Geodude,Rock Ground,40,80,100,30,30
89,74,Geodude Alolan Geodude,Rock Electric,40,80,100,30,30
90,75,Graveler,Rock Ground,55,95,115,45,45
91,75,Graveler Alolan Graveler,Rock Electric,55,95,115,45,45
92,76,Golem,Rock Ground,80,120,130,55,65
93,76,Golem Alolan Golem,Rock Electric,80,120,130,55,65
94,77,Ponyta,Fire,50,85,55,65,65
95,77,Ponyta Galarian Ponyta,Psychic,50,85,55,65,65
96,78,Rapidash,Fire,65,100,70,80,80
97,78,Rapidash Galarian Rapidash,Psychic Fairy,65,100,70,80,80
98,79,Slowpoke,Water Psychic,90,65,65,40,40
99,79,Slowpoke Galarian Slowpoke,Psychic,90,65,65,40,40
100,80,Slowbro,Water Psychic,95,75,110,100,80
101,80,Slowbro Galarian Slowbro,Poison Psychic,95,100,95,100,70
102,81,Magnemite,Electric Steel,25,35,70,95,55
103,82,Magneton,Electric Steel,50,60,95,120,70
104,83,Farfetch'd,Normal Flying,52,90,55,58,62
105,83,Farfetch'd Galarian Farfetch'd,Fighting,52,95,55,58,62
106,84,Doduo,Normal Flying,35,85,45,35,35
107,85,Dodrio,Normal Flying,60,110,70,60,60
108,86,Seel,Water,65,45,55,45,70
109,87,Dewgong,Water Ice,90,70,80,70,95
110,88,Grimer,Poison,80,80,50,40,50
111,88,Grimer Alolan Grimer,Poison Dark,80,80,50,40,50
112,89,Muk,Poison,105,105,75,65,100
113,89,Muk Alolan Muk,Poison Dark,105,105,75,65,100
114,90,Shellder,Water,30,65,100,45,25
115,91,Cloyster,Water Ice,50,95,180,85,45
116,92,Gastly,Ghost Poison,30,35,30,100,35
117,93,Haunter,Ghost Poison,45,50,45,115,55
118,94,Gengar,Ghost Poison,60,65,60,130,75
119,95,Onix,Rock Ground,35,45,160,30,45
120,96,Drowzee,Psychic,60,48,45,43,90
121,97,Hypno,Psychic,85,73,70,73,115
122,98,Krabby,Water,30,105,90,25,25
123,99,Kingler,Water,55,130,115,50,50
124,100,Voltorb,Electric,40,30,50,55,55
125,100,Voltorb Hisuian Voltorb,Electric Grass,40,30,50,55,55
126,101,Electrode,Electric,60,50,70,80,80
127,101,Electrode Hisuian Electrode,Electric Grass,60,50,70,80,80
128,102,Exeggcute,Grass Psychic,60,40,80,60,45
129,103,Exeggutor,Grass Psychic,95,95,85,125,75
130,103,Exeggutor Alolan Exeggutor,Grass Dragon,95,105,85,125,75
131,104,Cubone,Ground,50,50,95,40,50
132,105,Marowak,Ground,60,80,110,50,80
133,105,Marowak Alolan Marowak,Fire Ghost,60,80,110,50,80
134,106,Hitmonlee,Fighting,50,120,53,35,110
135,107,Hitmonchan,Fighting,50,105,79,35,110
136,108,Lickitung,Normal,90,55,75,60,75
137,109,Koffing,Poison,40,65,95,60,45
138,110,Weezing,Poison,65,90,120,85,70
139,110,Weezing Galarian Weezing,Poison Fairy,65,90,120,85,70
140,111,Rhyhorn,Ground Rock,80,85,95,30,30
141,112,Rhydon,Ground Rock,105,130,120,45,45
142,113,Chansey,Normal,250,5,5,35,105
143,114,Tangela,Grass,65,55,115,100,40
144,115,Kangaskhan,Normal,105,95,80,40,80
145,116,Horsea,Water,30,40,70,70,25
146,117,Seadra,Water,55,65,95,95,45
147,118,Goldeen,Water,45,67,60,35,50
148,119,Seaking,Water,80,92,65,65,80
149,120,Staryu,Water,30,45,55,70,55
150,121,Starmie,Water Psychic,60,75,85,100,85
151,122,Mr. Mime,Psychic Fairy,40,45,65,100,120
152,122,Mr. Mime Galarian Mr. Mime,Ice Psychic,50,65,65,90,90
153,123,Scyther,Bug Flying,70,110,80,55,80
154,124,Jynx,Ice Psychic,65,50,35,115,95
155,125,Electabuzz,Electric,65,83,57,95,85
156,126,Magmar,Fire,65,95,57,100,85
157,127,Pinsir,Bug,65,125,100,55,70
158,128,Tauros,Normal,75,100,95,40,70
159,128,Tauros Combat Breed,Fighting,75,110,105,30,70
160,128,Tauros Blaze Breed,Fighting Fire,75,110,105,30,70
161,128,Tauros Aqua Breed,Fighting Water,75,110,105,30,70
162,129,Magikarp,Water,20,10,55,15,20
163,130,Gyarados,Water Flying,95,125,79,60,100
164,131,Lapras,Water Ice,130,85,80,85,95
165,132,Ditto,Normal,48,48,48,48,48
166,133,Eevee,Normal,55,55,50,45,65
167,133,Eevee Partner Eevee,Normal,65,75,70,65,85
168,134,Vaporeon,Water,130,65,60,110,95
169,135,Jolteon,Electric,65,65,60,110,95
170,136,Flareon,Fire,65,130,60,95,110
171,137,Porygon,Normal,65,60,70,85,75
172,138,Omanyte,Rock Water,35,40,100,90,55
173,139,Omastar,Rock Water,70,60,125,115,70
174,140,Kabuto,Rock Water,30,80,90,55,45
175,141,Kabutops,Rock Water,60,115,105,65,70
176,142,Aerodactyl,Rock Flying,80,105,65,60,75
177,143,Snorlax,Normal,160,110,65,65,110
178,144,Articuno,Ice Flying,90,85,100,95,125
179,144,Articuno Galarian Articuno,Psychic Flying,90,85,85,125,100
180,145,Zapdos,Electric Flying,90,90,85,125,90
181,145,Zapdos Galarian Zapdos,Fighting Flying,90,125,90,85,90
182,146,Moltres,Fire Flying,90,100,90,125,85
183,146,Moltres Galarian Moltres,Dark Flying,90,85,90,100,125
184,147,Dratini,Dragon,41,64,45,50,50
185,148,Dragonair,Dragon,61,84,65,70,70
186,149,Dragonite,Dragon Flying,91,134,95,100,100
187,150,Mewtwo,Psychic,106,110,90,154,90
188,151,Mew,Psychic,100,100,100,100,100
189,152,Chikorita,Grass,45,49,65,49,65
190,153,Bayleef,Grass,60,62,80,63,80
191,154,Meganium,Grass,80,82,100,83,100
192,155,Cyndaquil,Fire,39,52,43,60,50
193,156,Quilava,Fire,58,64,58,80,65
194,157,Typhlosion,Fire,78,84,78,109,85
195,157,Typhlosion Hisuian Typhlosion,Fire Ghost,73,84,78,119,85
196,158,Totodile,Water,50,65,64,44,48
197,159,Croconaw,Water,65,80,80,59,63
198,160,Feraligatr,Water,85,105,100,79,83
199,161,Sentret,Normal,35,46,34,35,45
200,162,Furret,Normal,85,76,64,45,55
201,163,Hoothoot,Normal Flying,60,30,30,36,56
202,164,Noctowl,Normal Flying,100,50,50,86,96
203,165,Ledyba,Bug Flying,40,20,30,40,80
204,166,Ledian,Bug Flying,55,35,50,55,110
205,167,Spinarak,Bug Poison,40,60,40,40,40
206,168,Ariados,Bug Poison,70,90,70,60,70
207,169,Crobat,Poison Flying,85,90,80,70,80
208,170,Chinchou,Water Electric,75,38,38,56,56
209,171,Lanturn,Water Electric,125,58,58,76,76
210,172,Pichu,Electric,20,40,15,35,35
211,173,Cleffa,Fairy,50,25,28,45,55
212,174,Igglybuff,Normal Fairy,90,30,15,40,20
213,175,Togepi,Fairy,35,20,65,40,65
214,176,Togetic,Fairy Flying,55,40,85,80,105
215,177,Natu,Psychic Flying,40,50,45,70,45
216,178,Xatu,Psychic Flying,65,75,70,95,70
217,179,Mareep,Electric,55,40,40,65,45
218,180,Flaaffy,Electric,70,55,55,80,60
219,181,Ampharos,Electric,90,75,85,115,90
220,182,Bellossom,Grass,75,80,95,90,100
221,183,Marill,Water Fairy,70,20,50,20,50
222,184,Azumarill,Water Fairy,100,50,80,60,80
223,185,Sudowoodo,Rock,70,100,115,30,65
224,186,Politoed,Water,90,75,75,90,100
225,187,Hoppip,Grass Flying,35,35,40,35,55
226,188,Skiploom,Grass Flying,55,45,50,45,65
227,189,Jumpluff,Grass Flying,75,55,70,55,95
228,190,Aipom,Normal,55,70,55,40,55
229,191,Sunkern,Grass,30,30,30,30,30
230,192,Sunflora,Grass,75,75,55,105,85
231,193,Yanma,Bug Flying,65,65,45,75,45
232,194,Wooper,Water Ground,55,45,45,25,25
233,194,Wooper Paldean Wooper,Poison Ground,55,45,45,25,25
234,195,Quagsire,Water Ground,95,85,85,65,65
235,196,Espeon,Psychic,65,65,60,130,95
236,197,Umbreon,Dark,95,65,110,60,130
237,198,Murkrow,Dark Flying,60,85,42,85,42
238,199,Slowking,Water Psychic,95,75,80,100,110
239,199,Slowking Galarian Slowking,Poison Psychic,95,65,80,110,110
240,200,Misdreavus,Ghost,60,60,60,85,85
241,201,Unown,Psychic,48,72,48,72,48
242,202,Wobbuffet,Psychic,190,33,58,33,58
243,203,Girafarig,Normal Psychic,70,80,65,90,65
244,204,Pineco,Bug,50,65,90,35,35
245,205,Forretress,Bug Steel,75,90,140,60,60
246,206,Dunsparce,Normal,100,70,70,65,65
247,207,Gligar,Ground Flying,65,75,105,35,65
248,208,Steelix,Steel Ground,75,85,200,55,65
249,209,Snubbull,Fairy,60,80,50,40,40
250,210,Granbull,Fairy,90,120,75,60,60
251,211,Qwilfish,Water Poison,65,95,85,55,55
252,211,Qwilfish Hisuian Qwilfish,Dark Poison,65,95,85,55,55
253,212,Scizor,Bug Steel,70,130,100,55,80
254,213,Shuckle,Bug Rock,20,10,230,10,230
255,214,Heracross,Bug Fighting,80,125,75,40,95
256,215,Sneasel,Dark Ice,55,95,55,35,75
257,215,Sneasel Hisuian Sneasel,Fighting Poison,55,95,55,35,75
258,216,Teddiursa,Normal,60,80,50,50,50
259,217,Ursaring,Normal,90,130,75,75,75
260,218,Slugma,Fire,40,40,40,70,40
261,219,Magcargo,Fire Rock,60,50,120,90,80
262,220,Swinub,Ice Ground,50,50,40,30,30
263,221,Piloswine,Ice Ground,100,100,80,60,60
264,222,Corsola,Water Rock,65,55,95,65,95
265,222,Corsola Galarian Corsola,Ghost,60,55,100,65,100
266,223,Remoraid,Water,35,65,35,65,35
267,224,Octillery,Water,75,105,75,105,75
268,225,Delibird,Ice Flying,45,55,45,65,45
269,226,Mantine,Water Flying,85,40,70,80,140
270,227,Skarmory,Steel Flying,65,80,140,40,70
271,228,Houndour,Dark Fire,45,60,30,80,50
272,229,Houndoom,Dark Fire,75,90,50,110,80
273,230,Kingdra,Water Dragon,75,95,95,95,95
274,231,Phanpy,Ground,90,60,60,40,40
275,232,Donphan,Ground,90,120,120,60,60
276,233,Porygon2,Normal,85,80,90,105,95
277,234,Stantler,Normal,73,95,62,85,65
278,235,Smeargle,Normal,55,20,35,20,45
279,236,Tyrogue,Fighting,35,35,35,35,35
280,237,Hitmontop,Fighting,50,95,95,35,110
281,238,Smoochum,Ice Psychic,45,30,15,85,65
282,239,Elekid,Electric,45,63,37,65,55
283,240,Magby,Fire,45,75,37,70,55
284,241,Miltank,Normal,95,80,105,40,70
285,242,Blissey,Normal,255,10,10,75,135
286,243,Raikou,Electric,90,85,75,115,100
287,244,Entei,Fire,115,115,85,90,75
288,245,Suicune,Water,100,75,115,90,115
289,246,Larvitar,Rock Ground,50,64,50,45,50
290,247,Pupitar,Rock Ground,70,84,70,65,70
291,248,Tyranitar,Rock Dark,100,134,110,95,100
292,249,Lugia,Psychic Flying,106,90,130,90,154
293,250,Ho-oh,Fire Flying,106,130,90,110,154
294,251,Celebi,Psychic Grass,100,100,100,100,100
295,252,Treecko,Grass,40,45,35,65,55
296,253,Grovyle,Grass,50,65,45,85,65
297,254,Sceptile,Grass,70,85,65,105,85
298,255,Torchic,Fire,45,60,40,70,50
299,256,Combusken,Fire Fighting,60,85,60,85,60
300,257,Blaziken,Fire Fighting,80,120,70,110,70
301,258,Mudkip,Water,50,70,50,50,50
302,259,Marshtomp,Water Ground,70,85,70,60,70
303,260,Swampert,Water Ground,100,110,90,85,90
304,261,Poochyena,Dark,35,55,35,30,30
305,262,Mightyena,Dark,70,90,70,60,60
306,263,Zigzagoon,Normal,38,30,41,30,41
307,263,Zigzagoon Galarian Zigzagoon,Dark Normal,38,30,41,30,41
308,264,Linoone,Normal,78,70,61,50,61
309,264,Linoone Galarian Linoone,Dark Normal,78,70,61,50,61
310,265,Wurmple,Bug,45,45,35,20,30
311,266,Silcoon,Bug,50,35,55,25,25
312,267,Beautifly,Bug Flying,60,70,50,100,50
313,268,Cascoon,Bug,50,35,55,25,25
314,269,Dustox,Bug Poison,60,50,70,50,90
315,270,Lotad,Water Grass,40,30,30,40,50
316,271,Lombre,Water Grass,60,50,50,60,70
317,272,Ludicolo,Water Grass,80,70,70,90,100
318,273,Seedot,Grass,40,40,50,30,30
319,274,Nuzleaf,Grass Dark,70,70,40,60,40
320,275,Shiftry,Grass Dark,90,100,60,90,60
321,276,Taillow,Normal Flying,40,55,30,30,30
322,277,Swellow,Normal Flying,60,85,60,75,50
323,278,Wingull,Water Flying,40,30,30,55,30
324,279,Pelipper,Water Flying,60,50,100,95,70
325,280,Ralts,Psychic Fairy,28,25,25,45,35
326,281,Kirlia,Psychic Fairy,38,35,35,65,55
327,282,Gardevoir,Psychic Fairy,68,65,65,125,115
328,283,Surskit,Bug Water,40,30,32,50,52
329,284,Masquerain,Bug Flying,70,60,62,100,82
330,285,Shroomish,Grass,60,40,60,40,60
331,286,Breloom,Grass Fighting,60,130,80,60,60
332,287,Slakoth,Normal,60,60,60,35,35
333,288,Vigoroth,Normal,80,80,80,55,55
334,289,Slaking,Normal,150,160,100,95,65
335,290,Nincada,Bug Ground,31,45,90,30,30
336,291,Ninjask,Bug Flying,61,90,45,50,50
337,292,Shedinja,Bug Ghost,1,90,45,30,30
338,293,Whismur,Normal,64,51,23,51,23
339,294,Loudred,Normal,84,71,43,71,43
340,295,Exploud,Normal,104,91,63,91,73
341,296,Makuhita,Fighting,72,60,30,20,30
342,297,Hariyama,Fighting,144,120,60,40,60
343,298,Azurill,Normal Fairy,50,20,40,20,40
344,299,Nosepass,Rock,30,45,135,45,90
345,300,Skitty,Normal,50,45,45,35,35
346,301,Delcatty,Normal,70,65,65,55,55
347,302,Sableye,Dark Ghost,50,75,75,65,65
348,303,Mawile,Steel Fairy,50,85,85,55,55
349,304,Aron,Steel Rock,50,70,100,40,40
350,305,Lairon,Steel Rock,60,90,140,50,50
351,306,Aggron,Steel Rock,70,110,180,60,60
352,307,Meditite,Fighting Psychic,30,40,55,40,55
353,308,Medicham,Fighting Psychic,60,60,75,60,75
354,309,Electrike,Electric,40,45,40,65,40
355,310,Manectric,Electric,70,75,60,105,60
356,311,Plusle,Electric,60,50,40,85,75
357,312,Minun,Electric,60,40,50,75,85
358,313,Volbeat,Bug,65,73,75,47,85
359,314,Illumise,Bug,65,47,75,73,85
360,315,Roselia,Grass Poison,50,60,45,100,80
361,316,Gulpin,Poison,70,43,53,43,53
362,317,Swalot,Poison,100,73,83,73,83
363,318,Carvanha,Water Dark,45,90,20,65,20
364,319,Sharpedo,Water Dark,70,120,40,95,40
365,320,Wailmer,Water,130,70,35,70,35
366,321,Wailord,Water,170,90,45,90,45
367,322,Numel,Fire Ground,60,60,40,65,45
368,323,Camerupt,Fire Ground,70,100,70,105,75
369,324,Torkoal,Fire,70,85,140,85,70
370,325,Spoink,Psychic,60,25,35,70,80
371,326,Grumpig,Psychic,80,45,65,90,110
372,327,Spinda,Normal,60,60,60,60,60
373,328,Trapinch,Ground,45,100,45,45,45
374,329,Vibrava,Ground Dragon,50,70,50,50,50
375,330,Flygon,Ground Dragon,80,100,80,80,80
376,331,Cacnea,Grass,50,85,40,85,40
377,332,Cacturne,Grass Dark,70,115,60,115,60
378,333,Swablu,Normal Flying,45,40,60,40,75
379,334,Altaria,Dragon Flying,75,70,90,70,105
380,335,Zangoose,Normal,73,115,60,60,60
381,336,Seviper,Poison,73,100,60,100,60
382,337,Lunatone,Rock Psychic,90,55,65,95,85
383,338,Solrock,Rock Psychic,90,95,85,55,65
384,339,Barboach,Water Ground,50,48,43,46,41
385,340,Whiscash,Water Ground,110,78,73,76,71
386,341,Corphish,Water,43,80,65,50,35
387,342,Crawdaunt,Water Dark,63,120,85,90,55
388,343,Baltoy,Ground Psychic,40,40,55,40,70
389,344,Claydol,Ground Psychic,60,70,105,70,120
390,345,Lileep,Rock Grass,66,41,77,61,87
391,346,Cradily,Rock Grass,86,81,97,81,107
392,347,Anorith,Rock Bug,45,95,50,40,50
393,348,Armaldo,Rock Bug,75,125,100,70,80
394,349,Feebas,Water,20,15,20,10,55
395,350,Milotic,Water,95,60,79,100,125
396,351,Castform,Normal,70,70,70,70,70
397,351,Castform Sunny Form,Fire,70,70,70,70,70
398,351,Castform Rainy Form,Water,70,70,70,70,70
399,351,Castform Snowy Form,Ice,70,70,70,70,70
400,352,Kecleon,Normal,60,90,70,60,120
401,353,Shuppet,Ghost,44,75,35,63,33
402,354,Banette,Ghost,64,115,65,83,63
403,355,Duskull,Ghost,20,40,90,30,90
404,356,Dusclops,Ghost,40,70,130,60,130
405,357,Tropius,Grass Flying,99,68,83,72,87
406,358,Chimecho,Psychic,75,50,80,95,90
407,359,Absol,Dark,65,130,60,75,60
408,360,Wynaut,Psychic,95,23,48,23,48
409,361,Snorunt,Ice,50,50,50,50,50
410,362,Glalie,Ice,80,80,80,80,80
411,363,Spheal,Ice Water,70,40,50,55,50
412,364,Sealeo,Ice Water,90,60,70,75,70
413,365,Walrein,Ice Water,110,80,90,95,90
414,366,Clamperl,Water,35,64,85,74,55
415,367,Huntail,Water,55,104,105,94,75
416,368,Gorebyss,Water,55,84,105,114,75
417,369,Relicanth,Water Rock,100,90,130,45,65
418,370,Luvdisc,Water,43,30,55,40,65
419,371,Bagon,Dragon,45,75,60,40,30
420,372,Shelgon,Dragon,65,95,100,60,50
421,373,Salamence,Dragon Flying,95,135,80,110,80
422,374,Beldum,Steel Psychic,40,55,80,35,60
423,375,Metang,Steel Psychic,60,75,100,55,80
424,376,Metagross,Steel Psychic,80,135,130,95,90
425,377,Regirock,Rock,80,100,200,50,100
426,378,Regice,Ice,80,50,100,100,200
427,379,Registeel,Steel,80,75,150,75,150
428,380,Latias,Dragon Psychic,80,80,90,110,130
429,381,Latios,Dragon Psychic,80,90,80,130,110
430,382,Kyogre,Water,100,100,90,150,140
431,382,Kyogre Primal Kyogre,Water,100,150,90,180,160
432,383,Groudon,Ground,100,150,140,100,90
433,383,Groudon Primal Groudon,Ground Fire,100,180,160,150,90
434,384,Rayquaza,Dragon Flying,105,150,90,150,90
435,385,Jirachi,Steel Psychic,100,100,100,100,100
436,386,Deoxys Normal Forme,Psychic,50,150,50,150,50
437,386,Deoxys Attack Forme,Psychic,50,180,20,180,20
438,386,Deoxys Defense Forme,Psychic,50,70,160,70,160
439,386,Deoxys Speed Forme,Psychic,50,95,90,95,90
440,387,Turtwig,Grass,55,68,64,45,55
441,388,Grotle,Grass,75,89,85,55,65
442,389,Torterra,Grass Ground,95,109,105,75,85
443,390,Chimchar,Fire,44,58,44,58,44
444,391,Monferno,Fire Fighting,64,78,52,78,52
445,392,Infernape,Fire Fighting,76,104,71,104,71
446,393,Piplup,Water,53,51,53,61,56
447,394,Prinplup,Water,64,66,68,81,76
448,395,Empoleon,Water Steel,84,86,88,111,101
449,396,Starly,Normal Flying,40,55,30,30,30
450,397,Staravia,Normal Flying,55,75,50,40,40
451,398,Staraptor,Normal Flying,85,120,70,50,60
452,399,Bidoof,Normal,59,45,40,35,40
453,400,Bibarel,Normal Water,79,85,60,55,60
454,401,Kricketot,Bug,37,25,41,25,41
455,402,Kricketune,Bug,77,85,51,55,51
456,403,Shinx,Electric,45,65,34,40,34
457,404,Luxio,Electric,60,85,49,60,49
458,405,Luxray,Electric,80,120,79,95,79
459,406,Budew,Grass Poison,40,30,35,50,70
460,407,Roserade,Grass Poison,60,70,65,125,105
461,408,Cranidos,Rock,67,125,40,30,30
462,409,Rampardos,Rock,97,165,60,65,50
463,410,Shieldon,Rock Steel,30,42,118,42,88
464,411,Bastiodon,Rock Steel,60,52,168,47,138
465,412,Burmy Plant Cloak,Bug,40,29,45,29,45
466,412,Burmy Sandy Cloak,Bug,40,29,45,29,45
467,412,Burmy Trash Cloak,Bug,40,29,45,29,45
468,413,Wormadam Plant Cloak,Bug Grass,60,59,85,79,105
469,413,Wormadam Sandy Cloak,Bug Ground,60,79,105,59,85
470,413,Wormadam Trash Cloak,Bug Steel,60,69,95,69,95
471,414,Mothim,Bug Flying,70,94,50,94,50
472,415,Combee,Bug Flying,30,30,42,30,42
473,416,Vespiquen,Bug Flying,70,80,102,80,102
474,417,Pachirisu,Electric,60,45,70,45,90
475,418,Buizel,Water,55,65,35,60,30
476,419,Floatzel,Water,85,105,55,85,50
477,420,Cherubi,Grass,45,35,45,62,53
478,421,Cherrim,Grass,70,60,70,87,78
479,422,Shellos,Water,76,48,48,57,62
480,423,Gastrodon,Water Ground,111,83,68,92,82
481,424,Ambipom,Normal,75,100,66,60,66
482,425,Drifloon,Ghost Flying,90,50,34,60,44
483,426,Drifblim,Ghost Flying,150,80,44,90,54
484,427,Buneary,Normal,55,66,44,44,56
485,428,Lopunny,Normal,65,76,84,54,96
486,429,Mismagius,Ghost,60,60,60,105,105
487,430,Honchkrow,Dark Flying,100,125,52,105,52
488,431,Glameow,Normal,49,55,42,42,37
489,432,Purugly,Normal,71,82,64,64,59
490,433,Chingling,Psychic,45,30,50,65,50
491,434,Stunky,Poison Dark,63,63,47,41,41
492,435,Skuntank,Poison Dark,103,93,67,71,61
493,436,Bronzor,Steel Psychic,57,24,86,24,86
494,437,Bronzong,Steel Psychic,67,89,116,79,116
495,438,Bonsly,Rock,50,80,95,10,45
496,439,Mime Jr.,Psychic Fairy,20,25,45,70,90
497,440,Happiny,Normal,100,5,5,15,65
498,441,Chatot,Normal Flying,76,65,45,92,42
499,442,Spiritomb,Ghost Dark,50,92,108,92,108
500,443,Gible,Dragon Ground,58,70,45,40,45
501,444,Gabite,Dragon Ground,68,90,65,50,55
502,445,Garchomp,Dragon Ground,108,130,95,80,85
503,446,Munchlax,Normal,135,85,40,40,85
504,447,Riolu,Fighting,40,70,40,35,40
505,448,Lucario,Fighting Steel,70,110,70,115,70
506,449,Hippopotas,Ground,68,72,78,38,42
507,450,Hippowdon,Ground,108,112,118,68,72
508,451,Skorupi,Poison Bug,40,50,90,30,55
509,452,Drapion,Poison Dark,70,90,110,60,75
510,453,Croagunk,Poison Fighting,48,61,40,61,40
511,454,Toxicroak,Poison Fighting,83,106,65,86,65
512,455,Carnivine,Grass,74,100,72,90,72
513,456,Finneon,Water,49,49,56,49,61
514,457,Lumineon,Water,69,69,76,69,86
515,458,Mantyke,Water Flying,45,20,50,60,120
516,459,Snover,Grass Ice,60,62,50,62,60
517,460,Abomasnow,Grass Ice,90,92,75,92,85
518,461,Weavile,Dark Ice,70,120,65,45,85
519,462,Magnezone,Electric Steel,70,70,115,130,90
520,463,Lickilicky,Normal,110,85,95,80,95
521,464,Rhyperior,Ground Rock,115,140,130,55,55
522,465,Tangrowth,Grass,100,100,125,110,50
523,466,Electivire,Electric,75,123,67,95,85
524,467,Magmortar,Fire,75,95,67,125,95
525,468,Togekiss,Fairy Flying,85,50,95,120,115
526,469,Yanmega,Bug Flying,86,76,86,116,56
527,470,Leafeon,Grass,65,110,130,60,65
528,471,Glaceon,Ice,65,60,110,130,95
529,472,Gliscor,Ground Flying,75,95,125,45,75
530,473,Mamoswine,Ice Ground,110,130,80,70,60
531,474,Porygon-Z,Normal,85,80,70,135,75
532,475,Gallade,Psychic Fighting,68,125,65,65,115
533,476,Probopass,Rock Steel,60,55,145,75,150
534,477,Dusknoir,Ghost,45,100,135,65,135
535,478,Froslass,Ice Ghost,70,80,70,80,70
536,479,Rotom,Electric Ghost,50,50,77,95,77
537,479,Rotom Heat Rotom,Electric Fire,50,65,107,105,107
538,479,Rotom Wash Rotom,Electric Water,50,65,107,105,107
539,479,Rotom Frost Rotom,Electric Ice,50,65,107,105,107
540,479,Rotom Fan Rotom,Electric Flying,50,65,107,105,107
541,479,Rotom Mow Rotom,Electric Grass,50,65,107,105,107
542,480,Uxie,Psychic,75,75,130,75,130
543,481,Mesprit,Psychic,80,105,105,105,105
544,482,Azelf,Psychic,75,125,70,125,70
545,483,Dialga,Steel Dragon,100,120,120,150,100
546,483,Dialga Origin Forme,Steel Dragon,100,100,120,150,120
547,484,Palkia,Water Dragon,90,120,100,150,120
548,484,Palkia Origin Forme,Water Dragon,90,100,100,150,120
549,485,Heatran,Fire Steel,91,90,106,130,106
550,486,Regigigas,Normal,110,160,110,80,110
551,487,Giratina Altered Forme,Ghost Dragon,150,100,120,100,120
552,487,Giratina Origin Forme,Ghost Dragon,150,120,100,120,100
553,488,Cresselia,Psychic,120,70,110,75,120
554,489,Phione,Water,80,80,80,80,80
555,490,Manaphy,Water,100,100,100,100,100
556,491,Darkrai,Dark,70,90,90,135,90
557,492,Shaymin Land Forme,Grass,100,100,100,100,100
558,492,Shaymin Sky Forme,Grass Flying,100,103,75,120,75
559,493,Arceus,Normal,120,120,120,120,120
560,494,Victini,Psychic Fire,100,100,100,100,100
561,495,Snivy,Grass,45,45,55,45,55
562,496,Servine,Grass,60,60,75,60,75
563,497,Serperior,Grass,75,75,95,75,95
564,498,Tepig,Fire,65,63,45,45,45
565,499,Pignite,Fire Fighting,90,93,55,70,55
566,500,Emboar,Fire Fighting,110,123,65,100,65
567,501,Oshawott,Water,55,55,45,63,45
568,502,Dewott,Water,75,75,60,83,60
569,503,Samurott,Water,95,100,85,108,70
570,503,Samurott Hisuian Samurott,Water Dark,90,108,80,100,65
571,504,Patrat,Normal,45,55,39,35,39
572,505,Watchog,Normal,60,85,69,60,69
573,506,Lillipup,Normal,45,60,45,25,45
574,507,Herdier,Normal,65,80,65,35,65
575,508,Stoutland,Normal,85,110,90,45,90
576,509,Purrloin,Dark,41,50,37,50,37
577,510,Liepard,Dark,64,88,50,88,50
578,511,Pansage,Grass,50,53,48,53,48
579,512,Simisage,Grass,75,98,63,98,63
580,513,Pansear,Fire,50,53,48,53,48
581,514,Simisear,Fire,75,98,63,98,63
582,515,Panpour,Water,50,53,48,53,48
583,516,Simipour,Water,75,98,63,98,63
584,517,Munna,Psychic,76,25,45,67,55
585,518,Musharna,Psychic,116,55,85,107,95
586,519,Pidove,Normal Flying,50,55,50,36,30
587,520,Tranquill,Normal Flying,62,77,62,50,42
588,521,Unfezant,Normal Flying,80,115,80,65,55
589,522,Blitzle,Electric,45,60,32,50,32
590,523,Zebstrika,Electric,75,100,63,80,63
591,524,Roggenrola,Rock,55,75,85,25,25
592,525,Boldore,Rock,70,105,105,50,40
593,526,Gigalith,Rock,85,135,130,60,80
594,527,Woobat,Psychic Flying,65,45,43,55,43
595,528,Swoobat,Psychic Flying,67,57,55,77,55
596,529,Drilbur,Ground,60,85,40,30,45
597,530,Excadrill,Ground Steel,110,135,60,50,65
598,531,Audino,Normal,103,60,86,60,86
599,532,Timburr,Fighting,75,80,55,25,35
600,533,Gurdurr,Fighting,85,105,85,40,50
601,534,Conkeldurr,Fighting,105,140,95,55,65
602,535,Tympole,Water,50,50,40,50,40
603,536,Palpitoad,Water Ground,75,65,55,65,55
604,537,Seismitoad,Water Ground,105,95,75,85,75
605,538,Throh,Fighting,120,100,85,30,85
606,539,Sawk,Fighting,75,125,75,30,75
607,540,Sewaddle,Bug Grass,45,53,70,40,60
608,541,Swadloon,Bug Grass,55,63,90,50,80
609,542,Leavanny,Bug Grass,75,103,80,70,80
610,543,Venipede,Bug Poison,30,45,59,30,39
611,544,Whirlipede,Bug Poison,40,55,99,40,79
612,545,Scolipede,Bug Poison,60,100,89,55,69
613,546,Cottonee,Grass Fairy,40,27,60,37,50
614,547,Whimsicott,Grass Fairy,60,67,85,77,75
615,548,Petilil,Grass,45,35,50,70,50
616,549,Lilligant,Grass,70,60,75,110,75
617,549,Lilligant Hisuian Lilligant,Grass Fighting,70,105,75,50,75
618,550,Basculin Red-Striped Form,Water,70,92,65,80,55
619,550,Basculin Blue-Striped Form,Water,70,92,65,80,55
620,550,Basculin White-Striped Form,Water,70,92,65,80,55
621,551,Sandile,Ground Dark,50,72,35,35,35
622,552,Krokorok,Ground Dark,60,82,45,45,45
623,553,Krookodile,Ground Dark,95,117,80,65,70
624,554,Darumaka,Fire,70,90,45,15,45
625,554,Darumaka Galarian Darumaka,Ice,70,90,45,15,45
626,555,Darmanitan Standard Mode,Fire,105,140,55,30,55
627,555,Darmanitan Zen Mode,Fire Psychic,105,30,105,140,105
628,555,Darmanitan Galarian Standard Mode,Ice,105,140,55,30,55
629,555,Darmanitan Galarian Zen Mode,Ice Fire,105,160,55,30,55
630,556,Maractus,Grass,75,86,67,106,67
631,557,Dwebble,Bug Rock,50,65,85,35,35
632,558,Crustle,Bug Rock,70,105,125,65,75
633,559,Scraggy,Dark Fighting,50,75,70,35,70
634,560,Scrafty,Dark Fighting,65,90,115,45,115
635,561,Sigilyph,Psychic Flying,72,58,80,103,80
636,562,Yamask,Ghost,38,30,85,55,65
637,562,Yamask Galarian Yamask,Ground Ghost,38,55,85,30,65
638,563,Cofagrigus,Ghost,58,50,145,95,105
639,564,Tirtouga,Water Rock,54,78,103,53,45
640,565,Carracosta,Water Rock,74,108,133,83,65
641,566,Archen,Rock Flying,55,112,45,74,45
642,567,Archeops,Rock Flying,75,140,65,112,65
643,568,Trubbish,Poison,50,50,62,40,62
644,569,Garbodor,Poison,80,95,82,60,82
645,570,Zorua,Dark,40,65,40,80,40
646,570,Zorua Hisuian Zorua,Normal Ghost,35,60,40,85,40
647,571,Zoroark,Dark,60,105,60,120,60
648,571,Zoroark Hisuian Zoroark,Normal Ghost,55,100,60,125,60
649,572,Minccino,Normal,55,50,40,40,40
650,573,Cinccino,Normal,75,95,60,65,60
651,574,Gothita,Psychic,45,30,50,55,65
652,575,Gothorita,Psychic,60,45,70,75,85
653,576,Gothitelle,Psychic,70,55,95,95,110
654,577,Solosis,Psychic,45,30,40,105,50
655,578,Duosion,Psychic,65,40,50,125,60
656,579,Reuniclus,Psychic,110,65,75,125,85
657,580,Ducklett,Water Flying,62,44,50,44,50
658,581,Swanna,Water Flying,75,87,63,87,63
659,582,Vanillite,Ice,36,50,50,65,60
660,583,Vanillish,Ice,51,65,65,80,75
661,584,Vanilluxe,Ice,71,95,85,110,95
662,585,Deerling,Normal Grass,60,60,50,40,50
663,586,Sawsbuck,Normal Grass,80,100,70,60,70
664,587,Emolga,Electric Flying,55,75,60,75,60
665,588,Karrablast,Bug,50,75,45,40,45
666,589,Escavalier,Bug Steel,70,135,105,60,105
667,590,Foongus,Grass Poison,69,55,45,55,55
668,591,Amoonguss,Grass Poison,114,85,70,85,80
669,592,Frillish,Water Ghost,55,40,50,65,85
670,593,Jellicent,Water Ghost,100,60,70,85,105
671,594,Alomomola,Water,165,75,80,40,45
672,595,Joltik,Bug Electric,50,47,50,57,50
673,596,Galvantula,Bug Electric,70,77,60,97,60
674,597,Ferroseed,Grass Steel,44,50,91,24,86
675,598,Ferrothorn,Grass Steel,74,94,131,54,116
676,599,Klink,Steel,40,55,70,45,60
677,600,Klang,Steel,60,80,95,70,85
678,601,Klinklang,Steel,60,100,115,70,85
679,602,Tynamo,Electric,35,55,40,45,40
680,603,Eelektrik,Electric,65,85,70,75,70
681,604,Eelektross,Electric,85,115,80,105,80
682,605,Elgyem,Psychic,55,55,55,85,55
683,606,Beheeyem,Psychic,75,75,75,125,95
684,607,Litwick,Ghost Fire,50,30,55,65,55
685,608,Lampent,Ghost Fire,60,40,60,95,60
686,609,Chandelure,Ghost Fire,60,55,90,145,90
687,610,Axew,Dragon,46,87,60,30,40
688,611,Fraxure,Dragon,66,117,70,40,50
689,612,Haxorus,Dragon,76,147,90,60,70
690,613,Cubchoo,Ice,55,70,40,60,40
691,614,Beartic,Ice,95,130,80,70,80
692,615,Cryogonal,Ice,80,50,50,95,135
693,616,Shelmet,Bug,50,40,85,40,65
694,617,Accelgor,Bug,80,70,40,100,60
695,618,Stunfisk,Ground Electric,109,66,84,81,99
696,618,Stunfisk Galarian Stunfisk,Ground Steel,109,81,99,66,84
697,619,Mienfoo,Fighting,45,85,50,55,50
698,620,Mienshao,Fighting,65,125,60,95,60
699,621,Druddigon,Dragon,77,120,90,60,90
700,622,Golett,Ground Ghost,59,74,50,35,50
701,623,Golurk,Ground Ghost,89,124,80,55,80
702,624,Pawniard,Dark Steel,45,85,70,40,40
703,625,Bisharp,Dark Steel,65,125,100,60,70
704,626,Bouffalant,Normal,95,110,95,40,95
705,627,Rufflet,Normal Flying,70,83,50,37,50
706,628,Braviary,Normal Flying,100,123,75,57,75
707,628,Braviary Hisuian Braviary,Psychic Flying,110,83,70,112,70
708,629,Vullaby,Dark Flying,70,55,75,45,65
709,630,Mandibuzz,Dark Flying,110,65,105,55,95
710,631,Heatmor,Fire,85,97,66,105,66
711,632,Durant,Bug Steel,58,109,112,48,48
712,633,Deino,Dark Dragon,52,65,50,45,50
713,634,Zweilous,Dark Dragon,72,85,70,65,70
714,635,Hydreigon,Dark Dragon,92,105,90,125,90
715,636,Larvesta,Bug Fire,55,85,55,50,55
716,637,Volcarona,Bug Fire,85,60,65,135,105
717,638,Cobalion,Steel Fighting,91,90,129,90,72
718,639,Terrakion,Rock Fighting,91,129,90,72,90
719,640,Virizion,Grass Fighting,91,90,72,90,129
720,641,Tornadus Incarnate Forme,Flying,79,115,70,125,80
721,641,Tornadus Therian Forme,Flying,79,100,80,110,90
722,642,Thundurus Incarnate Forme,Electric Flying,79,115,70,125,80
723,642,Thundurus Therian Forme,Electric Flying,79,105,70,145,80
724,643,Reshiram,Dragon Fire,100,120,100,150,120
725,644,Zekrom,Dragon Electric,100,150,120,120,100
726,645,Landorus Incarnate Forme,Ground Flying,89,125,90,115,80
727,645,Landorus Therian Forme,Ground Flying,89,145,90,105,80
728,646,Kyurem,Dragon Ice,125,130,90,130,90
729,646,Kyurem White Kyurem,Dragon Ice,125,120,90,170,100
730,646,Kyurem Black Kyurem,Dragon Ice,125,170,100,120,90
731,647,Keldeo Ordinary Form,Water Fighting,91,72,90,129,90
732,647,Keldeo Resolute Form,Water Fighting,91,72,90,129,90
733,648,Meloetta Aria Forme,Normal Psychic,100,77,77,128,128
734,648,Meloetta Pirouette Forme,Normal Fighting,100,128,90,77,77
735,649,Genesect,Bug Steel,71,120,95,120,95
736,650,Chespin,Grass,56,61,65,48,45
737,651,Quilladin,Grass,61,78,95,56,58
738,652,Chesnaught,Grass Fighting,88,107,122,74,75
739,653,Fennekin,Fire,40,45,40,62,60
740,654,Braixen,Fire,59,59,58,90,70
741,655,Delphox,Fire Psychic,75,69,72,114,100
742,656,Froakie,Water,41,56,40,62,44
743,657,Frogadier,Water,54,63,52,83,56
744,658,Greninja,Water Dark,72,95,67,103,71
745,658,Greninja Ash-Greninja,Water Dark,72,145,67,153,71
746,659,Bunnelby,Normal,38,36,38,32,36
747,660,Diggersby,Normal Ground,85,56,77,50,77
748,661,Fletchling,Normal Flying,45,50,43,40,38
749,662,Fletchinder,Fire Flying,62,73,55,56,52
750,663,Talonflame,Fire Flying,78,81,71,74,69
751,664,Scatterbug,Bug,38,35,40,27,25
752,665,Spewpa,Bug,45,22,60,27,30
753,666,Vivillon,Bug Flying,80,52,50,90,50
754,667,Litleo,Fire Normal,62,50,58,73,54
755,668,Pyroar,Fire Normal,86,68,72,109,66
756,669,Flabébé,Fairy,44,38,39,61,79
757,670,Floette,Fairy,54,45,47,75,98
758,671,Florges,Fairy,78,65,68,112,154
759,672,Skiddo,Grass,66,65,48,62,57
760,673,Gogoat,Grass,123,100,62,97,81
761,674,Pancham,Fighting,67,82,62,46,48
762,675,Pangoro,Fighting Dark,95,124,78,69,71
763,676,Furfrou,Normal,75,80,60,65,90
764,677,Espurr,Psychic,62,48,54,63,60
765,678,Meowstic Male,Psychic,74,48,76,83,81
766,678,Meowstic Female,Psychic,74,48,76,83,81
767,679,Honedge,Steel Ghost,45,80,100,35,37
768,680,Doublade,Steel Ghost,59,110,150,45,49
769,681,Aegislash Shield Forme,Steel Ghost,60,50,140,50,140
770,681,Aegislash Blade Forme,Steel Ghost,60,140,50,140,50
771,682,Spritzee,Fairy,78,52,60,63,65
772,683,Aromatisse,Fairy,101,72,72,99,89
773,684,Swirlix,Fairy,62,48,66,59,57
774,685,Slurpuff,Fairy,82,80,86,85,75
775,686,Inkay,Dark Psychic,53,54,53,37,46
776,687,Malamar,Dark Psychic,86,92,88,68,75
777,688,Binacle,Rock Water,42,52,67,39,56
778,689,Barbaracle,Rock Water,72,105,115,54,86
779,690,Skrelp,Poison Water,50,60,60,60,60
780,691,Dragalge,Poison Dragon,65,75,90,97,123
781,692,Clauncher,Water,50,53,62,58,63
782,693,Clawitzer,Water,71,73,88,120,89
783,694,Helioptile,Electric Normal,44,38,33,61,43
784,695,Heliolisk,Electric Normal,62,55,52,109,94
785,696,Tyrunt,Rock Dragon,58,89,77,45,45
786,697,Tyrantrum,Rock Dragon,82,121,119,69,59
787,698,Amaura,Rock Ice,77,59,50,67,63
788,699,Aurorus,Rock Ice,123,77,72,99,92
789,700,Sylveon,Fairy,95,65,65,110,130
790,701,Hawlucha,Fighting Flying,78,92,75,74,63
791,702,Dedenne,Electric Fairy,67,58,57,81,67
792,703,Carbink,Rock Fairy,50,50,150,50,150
793,704,Goomy,Dragon,45,50,35,55,75
794,705,Sliggoo,Dragon,68,75,53,83,113
795,705,Sliggoo Hisuian Sliggoo,Steel Dragon,58,75,83,83,113
796,706,Goodra,Dragon,90,100,70,110,150
797,706,Goodra Hisuian Goodra,Steel Dragon,80,100,100,110,150
798,707,Klefki,Steel Fairy,57,80,91,80,87
799,708,Phantump,Ghost Grass,43,70,48,50,60
800,709,Trevenant,Ghost Grass,85,110,76,65,82
801,710,Pumpkaboo Average Size,Ghost Grass,49,66,70,44,55
802,710,Pumpkaboo Small Size,Ghost Grass,44,66,70,44,55
803,710,Pumpkaboo Large Size,Ghost Grass,54,66,70,44,55
804,710,Pumpkaboo Super Size,Ghost Grass,59,66,70,44,55
805,711,Gourgeist Average Size,Ghost Grass,65,90,122,58,75
806,711,Gourgeist Small Size,Ghost Grass,55,85,122,58,75
807,711,Gourgeist Large Size,Ghost Grass,75,95,122,58,75
808,711,Gourgeist Super Size,Ghost Grass,85,100,122,58,75
809,712,Bergmite,Ice,55,69,85,32,35
810,713,Avalugg,Ice,95,117,184,44,46
811,713,Avalugg Hisuian Avalugg,Ice Rock,95,127,184,34,36
812,714,Noibat,Flying Dragon,40,30,35,45,40
813,715,Noivern,Flying Dragon,85,70,80,97,80
814,716,Xerneas,Fairy,126,131,95,131,98
815,717,Yveltal,Dark Flying,126,131,95,131,98
816,718,Zygarde 50% Forme,Dragon Ground,108,100,121,81,95
817,718,Zygarde 10% Forme,Dragon Ground,54,100,71,61,85
818,718,Zygarde Complete Forme,Dragon Ground,216,100,121,91,95
819,719,Diancie,Rock Fairy,50,100,150,100,150
820,720,Hoopa Hoopa Confined,Psychic Ghost,80,110,60,150,130
821,720,Hoopa Hoopa Unbound,Psychic Dark,80,160,60,170,130
822,721,Volcanion,Fire Water,80,110,120,130,90
823,722,Rowlet,Grass Flying,68,55,55,50,50
824,723,Dartrix,Grass Flying,78,75,75,70,70
825,724,Decidueye,Grass Ghost,78,107,75,100,100
826,724,Decidueye Hisuian Decidueye,Grass Fighting,88,112,80,95,95
827,725,Litten,Fire,45,65,40,60,40
828,726,Torracat,Fire,65,85,50,80,50
829,727,Incineroar,Fire Dark,95,115,90,80,90
830,728,Popplio,Water,50,54,54,66,56
831,729,Brionne,Water,60,69,69,91,81
832,730,Primarina,Water Fairy,80,74,74,126,116
833,731,Pikipek,Normal Flying,35,75,30,30,30
834,732,Trumbeak,Normal Flying,55,85,50,40,50
835,733,Toucannon,Normal Flying,80,120,75,75,75
836,734,Yungoos,Normal,48,70,30,30,30
837,735,Gumshoos,Normal,88,110,60,55,60
838,736,Grubbin,Bug,47,62,45,55,45
839,737,Charjabug,Bug Electric,57,82,95,55,75
840,738,Vikavolt,Bug Electric,77,70,90,145,75
841,739,Crabrawler,Fighting,47,82,57,42,47
842,740,Crabominable,Fighting Ice,97,132,77,62,67
843,741,Oricorio Baile Style,Fire Flying,75,70,70,98,70
844,741,Oricorio Pom-Pom Style,Electric Flying,75,70,70,98,70
845,741,Oricorio Pa'u Style,Psychic Flying,75,70,70,98,70
846,741,Oricorio Sensu Style,Ghost Flying,75,70,70,98,70
847,742,Cutiefly,Bug Fairy,40,45,40,55,40
848,743,Ribombee,Bug Fairy,60,55,60,95,70
849,744,Rockruff,Rock,45,65,40,30,40
850,744,Rockruff Own Tempo Rockruff,Rock,45,65,40,30,40
851,745,Lycanroc Midday Form,Rock,75,115,65,55,65
852,745,Lycanroc Midnight Form,Rock,85,115,75,55,75
853,745,Lycanroc Dusk Form,Rock,75,117,65,55,65
854,746,Wishiwashi Solo Form,Water,45,20,20,25,25
855,746,Wishiwashi School Form,Water,45,140,130,140,135
856,747,Mareanie,Poison Water,50,53,62,43,52
857,748,Toxapex,Poison Water,50,63,152,53,142
858,749,Mudbray,Ground,70,100,70,45,55
859,750,Mudsdale,Ground,100,125,100,55,85
860,751,Dewpider,Water Bug,38,40,52,40,72
861,752,Araquanid,Water Bug,68,70,92,50,132
862,753,Fomantis,Grass,40,55,35,50,35
863,754,Lurantis,Grass,70,105,90,80,90
864,755,Morelull,Grass Fairy,40,35,55,65,75
865,756,Shiinotic,Grass Fairy,60,45,80,90,100
866,757,Salandit,Poison Fire,48,44,40,71,40
867,758,Salazzle,Poison Fire,68,64,60,111,60
868,759,Stufful,Normal Fighting,70,75,50,45,50
869,760,Bewear,Normal Fighting,120,125,80,55,60
870,761,Bounsweet,Grass,42,30,38,30,38
871,762,Steenee,Grass,52,40,48,40,48
872,763,Tsareena,Grass,72,120,98,50,98
873,764,Comfey,Fairy,51,52,90,82,110
874,765,Oranguru,Normal Psychic,90,60,80,90,110
875,766,Passimian,Fighting,100,120,90,40,60
876,767,Wimpod,Bug Water,25,35,40,20,30
877,768,Golisopod,Bug Water,75,125,140,60,90
878,769,Sandygast,Ghost Ground,55,55,80,70,45
879,770,Palossand,Ghost Ground,85,75,110,100,75
880,771,Pyukumuku,Water,55,60,130,30,130
881,772,Type: Null,Normal,95,95,95,95,95
882,773,Silvally,Normal,95,95,95,95,95
883,774,Minior Meteor Form,Rock Flying,60,60,100,60,100
884,774,Minior Core Form,Rock Flying,60,100,60,100,60
885,775,Komala,Normal,65,115,65,75,95
886,776,Turtonator,Fire Dragon,60,78,135,91,85
887,777,Togedemaru,Electric Steel,65,98,63,40,73
888,778,Mimikyu,Ghost Fairy,55,90,80,50,105
889,779,Bruxish,Water Psychic,68,105,70,70,70
890,780,Drampa,Normal Dragon,78,60,85,135,91
891,781,Dhelmise,Ghost Grass,70,131,100,86,90
892,782,Jangmo-o,Dragon,45,55,65,45,45
893,783,Hakamo-o,Dragon Fighting,55,75,90,65,70
894,784,Kommo-o,Dragon Fighting,75,110,125,100,105
895,785,Tapu Koko,Electric Fairy,70,115,85,95,75
896,786,Tapu Lele,Psychic Fairy,70,85,75,130,115
897,787,Tapu Bulu,Grass Fairy,70,130,115,85,95
898,788,Tapu Fini,Water Fairy,70,75,115,95,130
899,789,Cosmog,Psychic,43,29,31,29,31
900,790,Cosmoem,Psychic,43,29,131,29,131
901,791,Solgaleo,Psychic Steel,137,137,107,113,89
902,792,Lunala,Psychic Ghost,137,113,89,137,107
903,793,Nihilego,Rock Poison,109,53,47,127,131
904,794,Buzzwole,Bug Fighting,107,139,139,53,53
905,795,Pheromosa,Bug Fighting,71,137,37,137,37
906,796,Xurkitree,Electric,83,89,71,173,71
907,797,Celesteela,Steel Flying,97,101,103,107,101
908,798,Kartana,Grass Steel,59,181,131,59,31
909,799,Guzzlord,Dark Dragon,223,101,53,97,53
910,800,Necrozma,Psychic,97,107,101,127,89
911,800,Necrozma Dusk Mane Necrozma,Psychic Steel,97,157,127,113,109
912,800,Necrozma Dawn Wings Necrozma,Psychic Ghost,97,113,109,157,127
913,800,Necrozma Ultra Necrozma,Psychic Dragon,97,167,97,167,97
914,801,Magearna,Steel Fairy,80,95,115,130,115
915,802,Marshadow,Fighting Ghost,90,125,80,90,90
916,803,Poipole,Poison,67,73,67,73,67
917,804,Naganadel,Poison Dragon,73,73,73,127,73
918,805,Stakataka,Rock Steel,61,131,211,53,101
919,806,Blacephalon,Fire Ghost,53,127,53,151,79
920,807,Zeraora,Electric,88,112,75,102,80
921,808,Meltan,Steel,46,65,65,55,35
922,809,Melmetal,Steel,135,143,143,80,65
923,810,Grookey,Grass,50,65,50,40,40
924,811,Thwackey,Grass,70,85,70,55,60
925,812,Rillaboom,Grass,100,125,90,60,70
926,813,Scorbunny,Fire,50,71,40,40,40
927,814,Raboot,Fire,65,86,60,55,60
928,815,Cinderace,Fire,80,116,75,65,75
929,816,Sobble,Water,50,40,40,70,40
930,817,Drizzile,Water,65,60,55,95,55
931,818,Inteleon,Water,70,85,65,125,65
932,819,Skwovet,Normal,70,55,55,35,35
933,820,Greedent,Normal,120,95,95,55,75
934,821,Rookidee,Flying,38,47,35,33,35
935,822,Corvisquire,Flying,68,67,55,43,55
936,823,Corviknight,Flying Steel,98,87,105,53,85
937,824,Blipbug,Bug,25,20,20,25,45
938,825,Dottler,Bug Psychic,50,35,80,50,90
939,826,Orbeetle,Bug Psychic,60,45,110,80,120
940,827,Nickit,Dark,40,28,28,47,52
941,828,Thievul,Dark,70,58,58,87,92
942,829,Gossifleur,Grass,40,40,60,40,60
943,830,Eldegoss,Grass,60,50,90,80,120
944,831,Wooloo,Normal,42,40,55,40,45
945,832,Dubwool,Normal,72,80,100,60,90
946,833,Chewtle,Water,50,64,50,38,38
947,834,Drednaw,Water Rock,90,115,90,48,68
948,835,Yamper,Electric,59,45,50,40,50
949,836,Boltund,Electric,69,90,60,90,60
950,837,Rolycoly,Rock,30,40,50,40,50
951,838,Carkol,Rock Fire,80,60,90,60,70
952,839,Coalossal,Rock Fire,110,80,120,80,90
953,840,Applin,Grass Dragon,40,40,80,40,40
954,841,Flapple,Grass Dragon,70,110,80,95,60
955,842,Appletun,Grass Dragon,110,85,80,100,80
956,843,Silicobra,Ground,52,57,75,35,50
957,844,Sandaconda,Ground,72,107,125,65,70
958,845,Cramorant,Flying Water,70,85,55,85,95
959,846,Arrokuda,Water,41,63,40,40,30
960,847,Barraskewda,Water,61,123,60,60,50
961,848,Toxel,Electric Poison,40,38,35,54,35
962,849,Toxtricity Amped Form,Electric Poison,75,98,70,114,70
963,849,Toxtricity Low Key Form,Electric Poison,75,98,70,114,70
964,850,Sizzlipede,Fire Bug,50,65,45,50,50
965,851,Centiskorch,Fire Bug,100,115,65,90,90
966,852,Clobbopus,Fighting,50,68,60,50,50
967,853,Grapploct,Fighting,80,118,90,70,80
968,854,Sinistea,Ghost,40,45,45,74,54
969,855,Polteageist,Ghost,60,65,65,134,114
970,856,Hatenna,Psychic,42,30,45,56,53
971,857,Hattrem,Psychic,57,40,65,86,73
972,858,Hatterene,Psychic Fairy,57,90,95,136,103
973,859,Impidimp,Dark Fairy,45,45,30,55,40
974,860,Morgrem,Dark Fairy,65,60,45,75,55
975,861,Grimmsnarl,Dark Fairy,95,120,65,95,75
976,862,Obstagoon,Dark Normal,93,90,101,60,81
977,863,Perrserker,Steel,70,110,100,50,60
978,864,Cursola,Ghost,60,95,50,145,130
979,865,Sirfetch'd,Fighting,62,135,95,68,82
980,866,Mr. Rime,Ice Psychic,80,85,75,110,100
981,867,Runerigus,Ground Ghost,58,95,145,50,105
982,868,Milcery,Fairy,45,40,40,50,61
983,869,Alcremie,Fairy,65,60,75,110,121
984,870,Falinks,Fighting,65,100,100,70,60
985,871,Pincurchin,Electric,48,101,95,91,85
986,872,Snom,Ice Bug,30,25,35,45,30
987,873,Frosmoth,Ice Bug,70,65,60,125,90
988,874,Stonjourner,Rock,100,125,135,20,20
989,875,Eiscue Ice Face,Ice,75,80,110,65,90
990,875,Eiscue Noice Face,Ice,75,80,70,65,50
991,876,Indeedee Male,Psychic Normal,60,65,55,105,95
992,876,Indeedee Female,Psychic Normal,70,55,65,95,105
993,877,Morpeko Full Belly Mode,Electric Dark,58,95,58,70,58
994,877,Morpeko Hangry Mode,Electric Dark,58,95,58,70,58
995,878,Cufant,Steel,72,80,49,40,49
996,879,Copperajah,Steel,122,130,69,80,69
997,880,Dracozolt,Electric Dragon,90,100,90,80,70
998,881,Arctozolt,Electric Ice,90,100,90,90,80
999,882,Dracovish,Water Dragon,90,90,100,70,80
1000,883,Arctovish,Water Ice,90,90,100,80,90
1001,884,Duraludon,Steel Dragon,70,95,115,120,50
1002,885,Dreepy,Dragon Ghost,28,60,30,40,30
1003,886,Drakloak,Dragon Ghost,68,80,50,60,50
1004,887,Dragapult,Dragon Ghost,88,120,75,100,75
1005,888,Zacian Hero of Many Battles,Fairy,92,120,115,80,115
1006,888,Zacian Crowned Sword,Fairy Steel,92,150,115,80,115
1007,889,Zamazenta Hero of Many Battles,Fighting,92,120,115,80,115
1008,889,Zamazenta Crowned Shield,Fighting Steel,92,120,140,80,140
1009,890,Eternatus,Poison Dragon,140,85,95,145,95
1010,890,Eternatus Eternamax,Poison Dragon,255,115,250,125,250
1011,891,Kubfu,Fighting,60,90,60,53,50
1012,892,Urshifu Single Strike Style,Fighting Dark,100,130,100,63,60
1013,892,Urshifu Rapid Strike Style,Fighting Water,100,130,100,63,60
1014,893,Zarude,Dark Grass,105,120,105,70,95
1015,894,Regieleki,Electric,80,100,50,100,50
1016,895,Regidrago,Dragon,200,100,50,100,50
1017,896,Glastrier,Ice,100,145,130,65,110
1018,897,Spectrier,Ghost,100,65,60,145,80
1019,898,Calyrex,Psychic Grass,100,80,80,80,80
1020,898,Calyrex Ice Rider,Psychic Ice,100,165,150,85,130
1021,898,Calyrex Shadow Rider,Psychic Ghost,100,85,80,165,100
1022,899,Wyrdeer,Normal Psychic,103,105,72,105,75
1023,900,Kleavor,Bug Rock,70,135,95,45,70
1024,901,Ursaluna,Ground Normal,130,140,105,45,80
1025,901,Ursaluna Bloodmoon,Ground Normal,113,70,120,135,65
1026,902,Basculegion Male,Water Ghost,120,112,65,80,75
1027,902,Basculegion Female,Water Ghost,120,92,65,100,75
1028,903,Sneasler,Fighting Poison,80,130,60,40,80
1029,904,Overqwil,Dark Poison,85,115,95,65,65
1030,905,Enamorus Incarnate Forme,Fairy Flying,74,115,70,135,80
1031,905,Enamorus Therian Forme,Fairy Flying,74,115,110,135,100
1032,906,Sprigatito,Grass,40,61,54,45,45
1033,907,Floragato,Grass,61,80,63,60,63
1034,908,Meowscarada,Grass Dark,76,110,70,81,70
1035,909,Fuecoco,Fire,67,45,59,63,40
1036,910,Crocalor,Fire,81,55,78,90,58
1037,911,Skeledirge,Fire Ghost,104,75,100,110,75
1038,912,Quaxly,Water,55,65,45,50,45
1039,913,Quaxwell,Water,70,85,65,65,60
1040,914,Quaquaval,Water Fighting,85,120,80,85,75
1041,915,Lechonk,Normal,54,45,40,35,45
1042,916,Oinkologne Male,Normal,110,100,75,59,80
1043,916,Oinkologne Female,Normal,115,90,70,59,90
1044,917,Tarountula,Bug,35,41,45,29,40
1045,918,Spidops,Bug,60,79,92,52,86
1046,919,Nymble,Bug,33,46,40,21,25
1047,920,Lokix,Bug Dark,71,102,78,52,55
1048,921,Pawmi,Electric,45,50,20,40,25
1049,922,Pawmo,Electric Fighting,60,75,40,50,40
1050,923,Pawmot,Electric Fighting,70,115,70,70,60
1051,924,Tandemaus,Normal,50,50,45,40,45
1052,925,Maushold Family of Four,Normal,74,75,70,65,75
1053,925,Maushold Family of Three,Normal,74,75,70,65,75
1054,926,Fidough,Fairy,37,55,70,30,55
1055,927,Dachsbun,Fairy,57,80,115,50,80
1056,928,Smoliv,Grass Normal,41,35,45,58,51
1057,929,Dolliv,Grass Normal,52,53,60,78,78
1058,930,Arboliva,Grass Normal,78,69,90,125,109
1059,931,Squawkabilly Green Plumage,Normal Flying,82,96,51,45,51
1060,931,Squawkabilly Blue Plumage,Normal Flying,82,96,51,45,51
1061,931,Squawkabilly Yellow Plumage,Normal Flying,82,96,51,45,51
1062,931,Squawkabilly White Plumage,Normal Flying,82,96,51,45,51
1063,932,Nacli,Rock,55,55,75,35,35
1064,933,Naclstack,Rock,60,60,100,35,65
1065,934,Garganacl,Rock,100,100,130,45,90
1066,935,Charcadet,Fire,40,50,40,50,40
1067,936,Armarouge,Fire Psychic,85,60,100,125,80
1068,937,Ceruledge,Fire Ghost,75,125,80,60,100
1069,938,Tadbulb,Electric,61,31,41,59,35
1070,939,Bellibolt,Electric,109,64,91,103,83
1071,940,Wattrel,Electric Flying,40,40,35,55,40
1072,941,Kilowattrel,Electric Flying,70,70,60,105,60
1073,942,Maschiff,Dark,60,78,60,40,51
1074,943,Mabosstiff,Dark,80,120,90,60,70
1075,944,Shroodle,Poison Normal,40,65,35,40,35
1076,945,Grafaiai,Poison Normal,63,95,65,80,72
1077,946,Bramblin,Grass Ghost,40,65,30,45,35
1078,947,Brambleghast,Grass Ghost,55,115,70,80,70
1079,948,Toedscool,Ground Grass,40,40,35,50,100
1080,949,Toedscruel,Ground Grass,80,70,65,80,120
1081,950,Klawf,Rock,70,100,115,35,55
1082,951,Capsakid,Grass,50,62,40,62,40
1083,952,Scovillain,Grass Fire,65,108,65,108,65
1084,953,Rellor,Bug,41,50,60,31,58
1085,954,Rabsca,Bug Psychic,75,50,85,115,100
1086,955,Flittle,Psychic,30,35,30,55,30
1087,956,Espathra,Psychic,95,60,60,101,60
1088,957,Tinkatink,Fairy Steel,50,45,45,35,64
1089,958,Tinkatuff,Fairy Steel,65,55,55,45,82
1090,959,Tinkaton,Fairy Steel,85,75,77,70,105
1091,960,Wiglett,Water,10,55,25,35,25
1092,961,Wugtrio,Water,35,100,50,50,70
1093,962,Bombirdier,Flying Dark,70,103,85,60,85
1094,963,Finizen,Water,70,45,40,45,40
1095,964,Palafin Zero Form,Water,100,70,72,53,62
1096,964,Palafin Hero Form,Water,100,160,97,106,87
1097,965,Varoom,Steel Poison,45,70,63,30,45
1098,966,Revavroom,Steel Poison,80,119,90,54,67
1099,967,Cyclizar,Dragon Normal,70,95,65,85,65
1100,968,Orthworm,Steel,70,85,145,60,55
1101,969,Glimmet,Rock Poison,48,35,42,105,60
1102,970,Glimmora,Rock Poison,83,55,90,130,81
1103,971,Greavard,Ghost,50,61,60,30,55
1104,972,Houndstone,Ghost,72,101,100,50,97
1105,973,Flamigo,Flying Fighting,82,115,74,75,64
1106,974,Cetoddle,Ice,108,68,45,30,40
1107,975,Cetitan,Ice,170,113,65,45,55
1108,976,Veluza,Water Psychic,90,102,73,78,65
1109,977,Dondozo,Water,150,100,115,65,65
1110,978,Tatsugiri Curly Form,Dragon Water,68,50,60,120,95
1111,978,Tatsugiri Droopy Form,Dragon Water,68,50,60,120,95
1112,978,Tatsugiri Stretchy Form,Dragon Water,68,50,60,120,95
1113,979,Annihilape,Fighting Ghost,110,115,80,50,90
1114,980,Clodsire,Poison Ground,130,75,60,45,100
1115,981,Farigiraf,Normal Psychic,120,90,70,110,70
1116,982,Dudunsparce Two-Segment Form,Normal,125,100,80,85,75
1117,982,Dudunsparce Three-Segment Form,Normal,125,100,80,85,75
1118,983,Kingambit,Dark Steel,100,135,120,60,85
1119,984,Great Tusk,Ground Fighting,115,131,131,53,53
1120,985,Scream Tail,Fairy Psychic,115,65,99,65,115
1121,986,Brute Bonnet,Grass Dark,111,127,99,79,99
1122,987,Flutter Mane,Ghost Fairy,55,55,55,135,135
1123,988,Slither Wing,Bug Fighting,85,135,79,85,105
1124,989,Sandy Shocks,Electric Ground,85,81,97,121,85
1125,990,Iron Treads,Ground Steel,90,112,120,72,70
1126,991,Iron Bundle,Ice Water,56,80,114,124,60
1127,992,Iron Hands,Fighting Electric,154,140,108,50,68
1128,993,Iron Jugulis,Dark Flying,94,80,86,122,80
1129,994,Iron Moth,Fire Poison,80,70,60,140,110
1130,995,Iron Thorns,Rock Electric,100,134,110,70,84
1131,996,Frigibax,Dragon Ice,65,75,45,35,45
1132,997,Arctibax,Dragon Ice,90,95,66,45,65
1133,998,Baxcalibur,Dragon Ice,115,145,92,75,86
1134,999,Gimmighoul Chest Form,Ghost,45,30,70,75,70
1135,999,Gimmighoul Roaming Form,Ghost,45,30,25,75,45
1136,1000,Gholdengo,Steel Ghost,87,60,95,133,91
1137,1001,Wo-Chien,Dark Grass,85,85,100,95,135
1138,1002,Chien-Pao,Dark Ice,80,120,80,90,65
1139,1003,Ting-Lu,Dark Ground,155,110,125,55,80
1140,1004,Chi-Yu,Dark Fire,55,80,80,135,120
1141,1005,Roaring Moon,Dragon Dark,105,139,71,55,101
1142,1006,Iron Valiant,Fairy Fighting,74,130,90,120,60
1143,1007,Koraidon,Fighting Dragon,100,135,115,85,100
1144,1008,Miraidon,Electric Dragon,100,85,100,135,115
1145,1009,Walking Wake,Water Dragon,99,83,91,125,83
1146,1010,Iron Leaves,Grass Psychic,90,130,88,70,108
1147,1011,Dipplin,Grass Dragon,80,80,110,95,80
1148,1012,Poltchageist,Grass Ghost,40,45,45,74,54
1149,1013,Sinistcha,Grass Ghost,71,60,106,121,80
1150,1014,Okidogi,Poison Fighting,88,128,115,58,86
1151,1015,Munkidori,Poison Psychic,88,75,66,130,90
1152,1016,Fezandipiti,Poison Fairy,88,91,82,70,125
1153,1017,Ogerpon Teal Mask,Grass,80,120,84,60,96
1154,1017,Ogerpon Wellspring Mask,Grass Water,80,120,84,60,96
1155,1017,Ogerpon Hearthflame Mask,Grass Fire,80,120,84,60,96
1156,1017,Ogerpon Cornerstone Mask,Grass Rock,80,120,84,60,96
1157,1018,Archaludon,Steel Dragon,90,105,130,125,65
1158,1019,Hydrapple,Grass Dragon,106,80,110,120,80
1159,1020,Gouging Fire,Fire Dragon,105,115,121,65,93
1160,1021,Raging Bolt,Electric Dragon,125,73,91,137,89
1161,1022,Iron Boulder,Rock Psychic,90,120,80,68,108
1162,1023,Iron Crown,Steel Psychic,90,72,100,122,108
1163,1024,Terapagos Normal Form,Normal,90,65,85,65,85
1164,1024,Terapagos Terastal Form,Normal,95,95,110,105,110
1165,1024,Terapagos Stellar Form,Normal,160,105,110,130,110
1166,1025,Pecharunt,Poison Ghost,88,88,160,88,88
