defense-type1,defense-type2,Normal,Fire,Water,Electric,Grass,Ice,Fighting,Poison,Ground,Flying,Psychic,Bug,Rock,Ghost,Dragon,Dark,Steel,Fairy
Normal,,1.0,1.0,1.0,1.0,1.0,1.0,2.0,1.0,1.0,1.0,1.0,1.0,1.0,0.0,1.0,1.0,1.0,1.0
Normal,Fire,1.0,0.5,2.0,1.0,0.5,0.5,2.0,1.0,2.0,1.0,1.0,0.5,2.0,0.0,1.0,1.0,0.5,0.5
Normal,Water,1.0,0.5,0.5,2.0,2.0,0.5,2.0,1.0,1.0,1.0,1.0,1.0,1.0,0.0,1.0,1.0,0.5,1.0
Normal,Electric,1.0,1.0,1.0,0.5,1.0,1.0,2.0,1.0,2.0,0.5,1.0,1.0,1.0,0.0,1.0,1.0,0.5,1.0
Normal,Grass,1.0,2.0,0.5,0.5,0.5,2.0,2.0,2.0,0.5,2.0,1.0,2.0,1.0,0.0,1.0,1.0,1.0,1.0
Normal,Ice,1.0,2.0,1.0,1.0,1.0,0.5,4.0,1.0,1.0,1.0,1.0,1.0,2.0,0.0,1.0,1.0,2.0,1.0
Normal,Fighting,1.0,1.0,1.0,1.0,1.0,1.0,2.0,1.0,1.0,2.0,2.0,0.5,0.5,0.0,1.0,0.5,1.0,2.0
Normal,Poison,1.0,1.0,1.0,1.0,0.5,1.0,1.0,0.5,2.0,1.0,2.0,0.5,1.0,0.0,1.0,1.0,1.0,0.5
Normal,Ground,1.0,1.0,2.0,0.0,2.0,2.0,2.0,0.5,1.0,1.0,1.0,1.0,0.5,0.0,1.0,1.0,1.0,1.0
Normal,Flying,1.0,1.0,1.0,2.0,0.5,2.0,1.0,1.0,0.0,1.0,1.0,0.5,2.0,0.0,1.0,1.0,1.0,1.0
Normal,Psychic,1.0,1.0,1.0,1.0,1.0,1.0,1.0,1.0,1.0,1.0,0.5,2.0,1.0,0.0,1.0,2.0,1.0,1.0
Normal,Bug,1.0,2.0,1.0,1.0,0.5,1.0,1.0,1.0,0.5,2.0,1.0,1.0,2.0,0.0,1.0,1.0,1.0,1.0
Normal,Rock,0.5,0.5,2.0,1.0,2.0,1.0,4.0,0.5,2.0,0.5,1.0,1.0,1.0,0.0,1.0,1.0,2.0,1.0
Normal,Ghost,0.0,1.0,1.0,1.0,1.0,1.0,0.0,0.5,1.0,1.0,1.0,0.5,1.0,0.0,1.0,2.0,1.0,1.0
Normal,Dragon,1.0,0.5,0.5,0.5,0.5,2.0,2.0,1.0,1.0,1.0,1.0,1.0,1.0,0.0,2.0,1.0,1.0,2.0
Normal,Dark,1.0,1.0,1.0,1.0,1.0,1.0,4.0,1.0,1.0,1.0,0.0,2.0,1.0,0.0,1.0,0.5,1.0,2.0
Normal,Steel,0.5,2.0,1.0,1.0,0.5,0.5,4.0,0.0,2.0,0.5,0.5,0.5,0.5,0.0,0.5,1.0,0.5,0.5
Normal,Fairy,1.0,1.0,1.0,1.0,1.0,1.0,1.0,2.0,1.0,1.0,1.0,0.5,1.0,0.0,0.0,0.5,2.0,1.0
Fire,,1.0,0.5,2.0,1.0,0.5,0.5,1.0,1.0,2.0,1.0,1.0,0.5,2.0,1.0,1.0,1.0,0.5,0.5
Fire,Normal,1.0,0.5,2.0,1.0,0.5,0.5,2.0,1.0,2.0,1.0,1.0,0.5,2.0,0.0,1.0,1.0,0.5,0.5
Fire,Water,1.0,0.25,1.0,2.0,1.0,0.25,1.0,1.0,2.0,1.0,1.0,0.5,2.0,1.0,1.0,1.0,0.25,0.5
Fire,Electric,1.0,0.5,2.0,0.5,0.5,0.5,1.0,1.0,4.0,0.5,1.0,0.5,2.0,1.0,1.0,1.0,0.25,0.5
Fire,Grass,1.0,1.0,1.0,0.5,0.25,1.0,1.0,2.0,1.0,2.0,1.0,1.0,2.0,1.0,1.0,1.0,0.5,0.5
Fire,Ice,1.0,1.0,2.0,1.0,0.5,0.25,2.0,1.0,2.0,1.0,1.0,0.5,4.0,1.0,1.0,1.0,1.0,0.5
Fire,Fighting,1.0,0.5,2.0,1.0,0.5,0.5,1.0,1.0,2.0,2.0,2.0,0.25,1.0,1.0,1.0,0.5,0.5,1.0
Fire,Poison,1.0,0.5,2.0,1.0,0.25,0.5,0.5,0.5,4.0,1.0,2.0,0.25,2.0,1.0,1.0,1.0,0.5,0.25
Fire,Ground,1.0,0.5,4.0,0.0,1.0,1.0,1.0,0.5,2.0,1.0,1.0,0.5,1.0,1.0,1.0,1.0,0.5,0.5
Fire,Flying,1.0,0.5,2.0,2.0,0.25,1.0,0.5,1.0,0.0,1.0,1.0,0.25,4.0,1.0,1.0,1.0,0.5,0.5
Fire,Psychic,1.0,0.5,2.0,1.0,0.5,0.5,0.5,1.0,2.0,1.0,0.5,1.0,2.0,2.0,1.0,2.0,0.5,0.5
Fire,Bug,1.0,1.0,2.0,1.0,0.25,0.5,0.5,1.0,1.0,2.0,1.0,0.5,4.0,1.0,1.0,1.0,0.5,0.5
Fire,Rock,0.5,0.25,4.0,1.0,1.0,0.5,2.0,0.5,4.0,0.5,1.0,0.5,2.0,1.0,1.0,1.0,1.0,0.5
Fire,Ghost,0.0,0.5,2.0,1.0,0.5,0.5,0.0,0.5,2.0,1.0,1.0,0.25,2.0,2.0,1.0,2.0,0.5,0.5
Fire,Dragon,1.0,0.25,1.0,0.5,0.25,1.0,1.0,1.0,2.0,1.0,1.0,0.5,2.0,1.0,2.0,1.0,0.5,1.0
Fire,Dark,1.0,0.5,2.0,1.0,0.5,0.5,2.0,1.0,2.0,1.0,0.0,1.0,2.0,0.5,1.0,0.5,0.5,1.0
Fire,Steel,0.5,1.0,2.0,1.0,0.25,0.25,2.0,0.0,4.0,0.5,0.5,0.25,1.0,1.0,0.5,1.0,0.25,0.25
Fire,Fairy,1.0,0.5,2.0,1.0,0.5,0.5,0.5,2.0,2.0,1.0,1.0,0.25,2.0,1.0,0.0,0.5,1.0,0.5
Water,,1.0,0.5,0.5,2.0,2.0,0.5,1.0,1.0,1.0,1.0,1.0,1.0,1.0,1.0,1.0,1.0,0.5,1.0
Water,Normal,1.0,0.5,0.5,2.0,2.0,0.5,2.0,1.0,1.0,1.0,1.0,1.0,1.0,0.0,1.0,1.0,0.5,1.0
Water,Fire,1.0,0.25,1.0,2.0,1.0,0.25,1.0,1.0,2.0,1.0,1.0,0.5,2.0,1.0,1.0,1.0,0.25,0.5
Water,Electric,1.0,0.5,0.5,1.0,2.0,0.5,1.0,1.0,2.0,0.5,1.0,1.0,1.0,1.0,1.0,1.0,0.25,1.0
Water,Grass,1.0,1.0,0.25,1.0,1.0,1.0,1.0,2.0,0.5,2.0,1.0,2.0,1.0,1.0,1.0,1.0,0.5,1.0
Water,Ice,1.0,1.0,0.5,2.0,2.0,0.25,2.0,1.0,1.0,1.0,1.0,1.0,2.0,1.0,1.0,1.0,1.0,1.0
Water,Fighting,1.0,0.5,0.5,2.0,2.0,0.5,1.0,1.0,1.0,2.0,2.0,0.5,0.5,1.0,1.0,0.5,0.5,2.0
Water,Poison,1.0,0.5,0.5,2.0,1.0,0.5,0.5,0.5,2.0,1.0,2.0,0.5,1.0,1.0,1.0,1.0,0.5,0.5
Water,Ground,1.0,0.5,1.0,0.0,4.0,1.0,1.0,0.5,1.0,1.0,1.0,1.0,0.5,1.0,1.0,1.0,0.5,1.0
Water,Flying,1.0,0.5,0.5,4.0,1.0,1.0,0.5,1.0,0.0,1.0,1.0,0.5,2.0,1.0,1.0,1.0,0.5,1.0
Water,Psychic,1.0,0.5,0.5,2.0,2.0,0.5,0.5,1.0,1.0,1.0,0.5,2.0,1.0,2.0,1.0,2.0,0.5,1.0
Water,Bug,1.0,1.0,0.5,2.0,1.0,0.5,0.5,1.0,0.5,2.0,1.0,1.0,2.0,1.0,1.0,1.0,0.5,1.0
Water,Rock,0.5,0.25,1.0,2.0,4.0,0.5,2.0,0.5,2.0,0.5,1.0,1.0,1.0,1.0,1.0,1.0,1.0,1.0
Water,Ghost,0.0,0.5,0.5,2.0,2.0,0.5,0.0,0.5,1.0,1.0,1.0,0.5,1.0,2.0,1.0,2.0,0.5,1.0
Water,Dragon,1.0,0.25,0.25,1.0,1.0,1.0,1.0,1.0,1.0,1.0,1.0,1.0,1.0,1.0,2.0,1.0,0.5,2.0
Water,Dark,1.0,0.5,0.5,2.0,2.0,0.5,2.0,1.0,1.0,1.0,0.0,2.0,1.0,0.5,1.0,0.5,0.5,2.0
Water,Steel,0.5,1.0,0.5,2.0,1.0,0.25,2.0,0.0,2.0,0.5,0.5,0.5,0.5,1.0,0.5,1.0,0.25,0.5
Water,Fairy,1.0,0.5,0.5,2.0,2.0,0.5,0.5,2.0,1.0,1.0,1.0,0.5,1.0,1.0,0.0,0.5,1.0,1.0
Electric,,1.0,1.0,1.0,0.5,1.0,1.0,1.0,1.0,2.0,0.5,1.0,1.0,1.0,1.0,1.0,1.0,0.5,1.0
Electric,Normal,1.0,1.0,1.0,0.5,1.0,1.0,2.0,1.0,2.0,0.5,1.0,1.0,1.0,0.0,1.0,1.0,0.5,1.0
Electric,Fire,1.0,0.5,2.0,0.5,0.5,0.5,1.0,1.0,4.0,0.5,1.0,0.5,2.0,1.0,1.0,1.0,0.25,0.5
Electric,Water,1.0,0.5,0.5,1.0,2.0,0.5,1.0,1.0,2.0,0.5,1.0,1.0,1.0,1.0,1.0,1.0,0.25,1.0
Electric,Grass,1.0,2.0,0.5,0.25,0.5,2.0,1.0,2.0,1.0,1.0,1.0,2.0,1.0,1.0,1.0,1.0,0.5,1.0
Electric,Ice,1.0,2.0,1.0,0.5,1.0,0.5,2.0,1.0,2.0,0.5,1.0,1.0,2.0,1.0,1.0,1.0,1.0,1.0
Electric,Fighting,1.0,1.0,1.0,0.5,1.0,1.0,1.0,1.0,2.0,1.0,2.0,0.5,0.5,1.0,1.0,0.5,0.5,2.0
Electric,Poison,1.0,1.0,1.0,0.5,0.5,1.0,0.5,0.5,4.0,0.5,2.0,0.5,1.0,1.0,1.0,1.0,0.5,0.5
Electric,Ground,1.0,1.0,2.0,0.0,2.0,2.0,1.0,0.5,2.0,0.5,1.0,1.0,0.5,1.0,1.0,1.0,0.5,1.0
Electric,Flying,1.0,1.0,1.0,1.0,0.5,2.0,0.5,1.0,0.0,0.5,1.0,0.5,2.0,1.0,1.0,1.0,0.5,1.0
Electric,Psychic,1.0,1.0,1.0,0.5,1.0,1.0,0.5,1.0,2.0,0.5,0.5,2.0,1.0,2.0,1.0,2.0,0.5,1.0
Electric,Bug,1.0,2.0,1.0,0.5,0.5,1.0,0.5,1.0,1.0,1.0,1.0,1.0,2.0,1.0,1.0,1.0,0.5,1.0
Electric,Rock,0.5,0.5,2.0,0.5,2.0,1.0,2.0,0.5,4.0,0.25,1.0,1.0,1.0,1.0,1.0,1.0,1.0,1.0
Electric,Ghost,0.0,1.0,1.0,0.5,1.0,1.0,0.0,0.5,2.0,0.5,1.0,0.5,1.0,2.0,1.0,2.0,0.5,1.0
Electric,Dragon,1.0,0.5,0.5,0.25,0.5,2.0,1.0,1.0,2.0,0.5,1.0,1.0,1.0,1.0,2.0,1.0,0.5,2.0
Electric,Dark,1.0,1.0,1.0,0.5,1.0,1.0,2.0,1.0,2.0,0.5,0.0,2.0,1.0,0.5,1.0,0.5,0.5,2.0
Electric,Steel,0.5,2.0,1.0,0.5,0.5,0.5,2.0,0.0,4.0,0.25,0.5,0.5,0.5,1.0,0.5,1.0,0.25,0.5
Electric,Fairy,1.0,1.0,1.0,0.5,1.0,1.0,0.5,2.0,2.0,0.5,1.0,0.5,1.0,1.0,0.0,0.5,1.0,1.0
Grass,,1.0,2.0,0.5,0.5,0.5,2.0,1.0,2.0,0.5,2.0,1.0,2.0,1.0,1.0,1.0,1.0,1.0,1.0
Grass,Normal,1.0,2.0,0.5,0.5,0.5,2.0,2.0,2.0,0.5,2.0,1.0,2.0,1.0,0.0,1.0,1.0,1.0,1.0
Grass,Fire,1.0,1.0,1.0,0.5,0.25,1.0,1.0,2.0,1.0,2.0,1.0,1.0,2.0,1.0,1.0,1.0,0.5,0.5
Grass,Water,1.0,1.0,0.25,1.0,1.0,1.0,1.0,2.0,0.5,2.0,1.0,2.0,1.0,1.0,1.0,1.0,0.5,1.0
Grass,Electric,1.0,2.0,0.5,0.25,0.5,2.0,1.0,2.0,1.0,1.0,1.0,2.0,1.0,1.0,1.0,1.0,0.5,1.0
Grass,Ice,1.0,4.0,0.5,0.5,0.5,1.0,2.0,2.0,0.5,2.0,1.0,2.0,2.0,1.0,1.0,1.0,2.0,1.0
Grass,Fighting,1.0,2.0,0.5,0.5,0.5,2.0,1.0,2.0,0.5,4.0,2.0,1.0,0.5,1.0,1.0,0.5,1.0,2.0
Grass,Poison,1.0,2.0,0.5,0.5,0.25,2.0,0.5,1.0,1.0,2.0,2.0,1.0,1.0,1.0,1.0,1.0,1.0,0.5
Grass,Ground,1.0,2.0,1.0,0.0,1.0,4.0,1.0,1.0,0.5,2.0,1.0,2.0,0.5,1.0,1.0,1.0,1.0,1.0
Grass,Flying,1.0,2.0,0.5,1.0,0.25,4.0,0.5,2.0,0.0,2.0,1.0,1.0,2.0,1.0,1.0,1.0,1.0,1.0
Grass,Psychic,1.0,2.0,0.5,0.5,0.5,2.0,0.5,2.0,0.5,2.0,0.5,4.0,1.0,2.0,1.0,2.0,1.0,1.0
Grass,Bug,1.0,4.0,0.5,0.5,0.25,2.0,0.5,2.0,0.25,4.0,1.0,2.0,2.0,1.0,1.0,1.0,1.0,1.0
Grass,Rock,0.5,1.0,1.0,0.5,1.0,2.0,2.0,1.0,1.0,1.0,1.0,2.0,1.0,1.0,1.0,1.0,2.0,1.0
Grass,Ghost,0.0,2.0,0.5,0.5,0.5,2.0,0.0,1.0,0.5,2.0,1.0,1.0,1.0,2.0,1.0,2.0,1.0,1.0
Grass,Dragon,1.0,1.0,0.25,0.25,0.25,4.0,1.0,2.0,0.5,2.0,1.0,2.0,1.0,1.0,2.0,1.0,1.0,2.0
Grass,Dark,1.0,2.0,0.5,0.5,0.5,2.0,2.0,2.0,0.5,2.0,0.0,4.0,1.0,0.5,1.0,0.5,1.0,2.0
Grass,Steel,0.5,4.0,0.5,0.5,0.25,1.0,2.0,0.0,1.0,1.0,0.5,1.0,0.5,1.0,0.5,1.0,0.5,0.5
Grass,Fairy,1.0,2.0,0.5,0.5,0.5,2.0,0.5,4.0,0.5,2.0,1.0,1.0,1.0,1.0,0.0,0.5,2.0,1.0
Ice,,1.0,2.0,1.0,1.0,1.0,0.5,2.0,1.0,1.0,1.0,1.0,1.0,2.0,1.0,1.0,1.0,2.0,1.0
Ice,Normal,1.0,2.0,1.0,1.0,1.0,0.5,4.0,1.0,1.0,1.0,1.0,1.0,2.0,0.0,1.0,1.0,2.0,1.0
Ice,Fire,1.0,1.0,2.0,1.0,0.5,0.25,2.0,1.0,2.0,1.0,1.0,0.5,4.0,1.0,1.0,1.0,1.0,0.5
Ice,Water,1.0,1.0,0.5,2.0,2.0,0.25,2.0,1.0,1.0,1.0,1.0,1.0,2.0,1.0,1.0,1.0,1.0,1.0
Ice,Electric,1.0,2.0,1.0,0.5,1.0,0.5,2.0,1.0,2.0,0.5,1.0,1.0,2.0,1.0,1.0,1.0,1.0,1.0
Ice,Grass,1.0,4.0,0.5,0.5,0.5,1.0,2.0,2.0,0.5,2.0,1.0,2.0,2.0,1.0,1.0,1.0,2.0,1.0
Ice,Fighting,1.0,2.0,1.0,1.0,1.0,0.5,2.0,1.0,1.0,2.0,2.0,0.5,1.0,1.0,1.0,0.5,2.0,2.0
Ice,Poison,1.0,2.0,1.0,1.0,0.5,0.5,1.0,0.5,2.0,1.0,2.0,0.5,2.0,1.0,1.0,1.0,2.0,0.5
Ice,Ground,1.0,2.0,2.0,0.0,2.0,1.0,2.0,0.5,1.0,1.0,1.0,1.0,1.0,1.0,1.0,1.0,2.0,1.0
Ice,Flying,1.0,2.0,1.0,2.0,0.5,1.0,1.0,1.0,0.0,1.0,1.0,0.5,4.0,1.0,1.0,1.0,2.0,1.0
Ice,Psychic,1.0,2.0,1.0,1.0,1.0,0.5,1.0,1.0,1.0,1.0,0.5,2.0,2.0,2.0,1.0,2.0,2.0,1.0
Ice,Bug,1.0,4.0,1.0,1.0,0.5,0.5,1.0,1.0,0.5,2.0,1.0,1.0,4.0,1.0,1.0,1.0,2.0,1.0
Ice,Rock,0.5,1.0,2.0,1.0,2.0,0.5,4.0,0.5,2.0,0.5,1.0,1.0,2.0,1.0,1.0,1.0,4.0,1.0
Ice,Ghost,0.0,2.0,1.0,1.0,1.0,0.5,0.0,0.5,1.0,1.0,1.0,0.5,2.0,2.0,1.0,2.0,2.0,1.0
Ice,Dragon,1.0,1.0,0.5,0.5,0.5,1.0,2.0,1.0,1.0,1.0,1.0,1.0,2.0,1.0,2.0,1.0,2.0,2.0
Ice,Dark,1.0,2.0,1.0,1.0,1.0,0.5,4.0,1.0,1.0,1.0,0.0,2.0,2.0,0.5,1.0,0.5,2.0,2.0
Ice,Steel,0.5,4.0,1.0,1.0,0.5,0.25,4.0,0.0,2.0,0.5,0.5,0.5,1.0,1.0,0.5,1.0,1.0,0.5
Ice,Fairy,1.0,2.0,1.0,1.0,1.0,0.5,1.0,2.0,1.0,1.0,1.0,0.5,2.0,1.0,0.0,0.5,4.0,1.0
Fighting,,1.0,1.0,1.0,1.0,1.0,1.0,1.0,1.0,1.0,2.0,2.0,0.5,0.5,1.0,1.0,0.5,1.0,2.0
Fighting,Normal,1.0,1.0,1.0,1.0,1.0,1.0,2.0,1.0,1.0,2.0,2.0,0.5,0.5,0.0,1.0,0.5,1.0,2.0
Fighting,Fire,1.0,0.5,2.0,1.0,0.5,0.5,1.0,1.0,2.0,2.0,2.0,0.25,1.0,1.0,1.0,0.5,0.5,1.0
Fighting,Water,1.0,0.5,0.5,2.0,2.0,0.5,1.0,1.0,1.0,2.0,2.0,0.5,0.5,1.0,1.0,0.5,0.5,2.0
Fighting,Electric,1.0,1.0,1.0,0.5,1.0,1.0,1.0,1.0,2.0,1.0,2.0,0.5,0.5,1.0,1.0,0.5,0.5,2.0
Fighting,Grass,1.0,2.0,0.5,0.5,0.5,2.0,1.0,2.0,0.5,4.0,2.0,1.0,0.5,1.0,1.0,0.5,1.0,2.0
Fighting,Ice,1.0,2.0,1.0,1.0,1.0,0.5,2.0,1.0,1.0,2.0,2.0,0.5,1.0,1.0,1.0,0.5,2.0,2.0
Fighting,Poison,1.0,1.0,1.0,1.0,0.5,1.0,0.5,0.5,2.0,2.0,4.0,0.25,0.5,1.0,1.0,0.5,1.0,1.0
Fighting,Ground,1.0,1.0,2.0,0.0,2.0,2.0,1.0,0.5,1.0,2.0,2.0,0.5,0.25,1.0,1.0,0.5,1.0,2.0
Fighting,Flying,1.0,1.0,1.0,2.0,0.5,2.0,0.5,1.0,0.0,2.0,2.0,0.25,1.0,1.0,1.0,0.5,1.0,2.0
Fighting,Psychic,1.0,1.0,1.0,1.0,1.0,1.0,0.5,1.0,1.0,2.0,1.0,1.0,0.5,2.0,1.0,1.0,1.0,2.0
Fighting,Bug,1.0,2.0,1.0,1.0,0.5,1.0,0.5,1.0,0.5,4.0,2.0,0.5,1.0,1.0,1.0,0.5,1.0,2.0
Fighting,Rock,0.5,0.5,2.0,1.0,2.0,1.0,2.0,0.5,2.0,1.0,2.0,0.5,0.5,1.0,1.0,0.5,2.0,2.0
Fighting,Ghost,0.0,1.0,1.0,1.0,1.0,1.0,0.0,0.5,1.0,2.0,2.0,0.25,0.5,2.0,1.0,1.0,1.0,2.0
Fighting,Dragon,1.0,0.5,0.5,0.5,0.5,2.0,1.0,1.0,1.0,2.0,2.0,0.5,0.5,1.0,2.0,0.5,1.0,4.0
Fighting,Dark,1.0,1.0,1.0,1.0,1.0,1.0,2.0,1.0,1.0,2.0,0.0,1.0,0.5,0.5,1.0,0.25,1.0,4.0
Fighting,Steel,0.5,2.0,1.0,1.0,0.5,0.5,2.0,0.0,2.0,1.0,1.0,0.25,0.25,1.0,0.5,0.5,0.5,1.0
Fighting,Fairy,1.0,1.0,1.0,1.0,1.0,1.0,0.5,2.0,1.0,2.0,2.0,0.25,0.5,1.0,0.0,0.25,2.0,2.0
Poison,,1.0,1.0,1.0,1.0,0.5,1.0,0.5,0.5,2.0,1.0,2.0,0.5,1.0,1.0,1.0,1.0,1.0,0.5
Poison,Normal,1.0,1.0,1.0,1.0,0.5,1.0,1.0,0.5,2.0,1.0,2.0,0.5,1.0,0.0,1.0,1.0,1.0,0.5
Poison,Fire,1.0,0.5,2.0,1.0,0.25,0.5,0.5,0.5,4.0,1.0,2.0,0.25,2.0,1.0,1.0,1.0,0.5,0.25
Poison,Water,1.0,0.5,0.5,2.0,1.0,0.5,0.5,0.5,2.0,1.0,2.0,0.5,1.0,1.0,1.0,1.0,0.5,0.5
Poison,Electric,1.0,1.0,1.0,0.5,0.5,1.0,0.5,0.5,4.0,0.5,2.0,0.5,1.0,1.0,1.0,1.0,0.5,0.5
Poison,Grass,1.0,2.0,0.5,0.5,0.25,2.0,0.5,1.0,1.0,2.0,2.0,1.0,1.0,1.0,1.0,1.0,1.0,0.5
Poison,Ice,1.0,2.0,1.0,1.0,0.5,0.5,1.0,0.5,2.0,1.0,2.0,0.5,2.0,1.0,1.0,1.0,2.0,0.5
Poison,Fighting,1.0,1.0,1.0,1.0,0.5,1.0,0.5,0.5,2.0,2.0,4.0,0.25,0.5,1.0,1.0,0.5,1.0,1.0
Poison,Ground,1.0,1.0,2.0,0.0,1.0,2.0,0.5,0.25,2.0,1.0,2.0,0.5,0.5,1.0,1.0,1.0,1.0,0.5
Poison,Flying,1.0,1.0,1.0,2.0,0.25,2.0,0.25,0.5,0.0,1.0,2.0,0.25,2.0,1.0,1.0,1.0,1.0,0.5
Poison,Psychic,1.0,1.0,1.0,1.0,0.5,1.0,0.25,0.5,2.0,1.0,1.0,1.0,1.0,2.0,1.0,2.0,1.0,0.5
Poison,Bug,1.0,2.0,1.0,1.0,0.25,1.0,0.25,0.5,1.0,2.0,2.0,0.5,2.0,1.0,1.0,1.0,1.0,0.5
Poison,Rock,0.5,0.5,2.0,1.0,1.0,1.0,1.0,0.25,4.0,0.5,2.0,0.5,1.0,1.0,1.0,1.0,2.0,0.5
Poison,Ghost,0.0,1.0,1.0,1.0,0.5,1.0,0.0,0.25,2.0,1.0,2.0,0.25,1.0,2.0,1.0,2.0,1.0,0.5
Poison,Dragon,1.0,0.5,0.5,0.5,0.25,2.0,0.5,0.5,2.0,1.0,2.0,0.5,1.0,1.0,2.0,1.0,1.0,1.0
Poison,Dark,1.0,1.0,1.0,1.0,0.5,1.0,1.0,0.5,2.0,1.0,0.0,1.0,1.0,0.5,1.0,0.5,1.0,1.0
Poison,Steel,0.5,2.0,1.0,1.0,0.25,0.5,1.0,0.0,4.0,0.5,1.0,0.25,0.5,1.0,0.5,1.0,0.5,0.25
Poison,Fairy,1.0,1.0,1.0,1.0,0.5,1.0,0.25,1.0,2.0,1.0,2.0,0.25,1.0,1.0,0.0,0.5,2.0,0.5
Ground,,1.0,1.0,2.0,0.0,2.0,2.0,1.0,0.5,1.0,1.0,1.0,1.0,0.5,1.0,1.0,1.0,1.0,1.0
Ground,Normal,1.0,1.0,2.0,0.0,2.0,2.0,2.0,0.5,1.0,1.0,1.0,1.0,0.5,0.0,1.0,1.0,1.0,1.0
Ground,Fire,1.0,0.5,4.0,0.0,1.0,1.0,1.0,0.5,2.0,1.0,1.0,0.5,1.0,1.0,1.0,1.0,0.5,0.5
Ground,Water,1.0,0.5,1.0,0.0,4.0,1.0,1.0,0.5,1.0,1.0,1.0,1.0,0.5,1.0,1.0,1.0,0.5,1.0
Ground,Electric,1.0,1.0,2.0,0.0,2.0,2.0,1.0,0.5,2.0,0.5,1.0,1.0,0.5,1.0,1.0,1.0,0.5,1.0
Ground,Grass,1.0,2.0,1.0,0.0,1.0,4.0,1.0,1.0,0.5,2.0,1.0,2.0,0.5,1.0,1.0,1.0,1.0,1.0
Ground,Ice,1.0,2.0,2.0,0.0,2.0,1.0,2.0,0.5,1.0,1.0,1.0,1.0,1.0,1.0,1.0,1.0,2.0,1.0
Ground,Fighting,1.0,1.0,2.0,0.0,2.0,2.0,1.0,0.5,1.0,2.0,2.0,0.5,0.25,1.0,1.0,0.5,1.0,2.0
Ground,Poison,1.0,1.0,2.0,0.0,1.0,2.0,0.5,0.25,2.0,1.0,2.0,0.5,0.5,1.0,1.0,1.0,1.0,0.5
Ground,Flying,1.0,1.0,2.0,0.0,1.0,4.0,0.5,0.5,0.0,1.0,1.0,0.5,1.0,1.0,1.0,1.0,1.0,1.0
Ground,Psychic,1.0,1.0,2.0,0.0,2.0,2.0,0.5,0.5,1.0,1.0,0.5,2.0,0.5,2.0,1.0,2.0,1.0,1.0
Ground,Bug,1.0,2.0,2.0,0.0,1.0,2.0,0.5,0.5,0.5,2.0,1.0,1.0,1.0,1.0,1.0,1.0,1.0,1.0
Ground,Rock,0.5,0.5,4.0,0.0,4.0,2.0,2.0,0.25,2.0,0.5,1.0,1.0,0.5,1.0,1.0,1.0,2.0,1.0
Ground,Ghost,0.0,1.0,2.0,0.0,2.0,2.0,0.0,0.25,1.0,1.0,1.0,0.5,0.5,2.0,1.0,2.0,1.0,1.0
Ground,Dragon,1.0,0.5,1.0,0.0,1.0,4.0,1.0,0.5,1.0,1.0,1.0,1.0,0.5,1.0,2.0,1.0,1.0,2.0
Ground,Dark,1.0,1.0,2.0,0.0,2.0,2.0,2.0,0.5,1.0,1.0,0.0,2.0,0.5,0.5,1.0,0.5,1.0,2.0
Ground,Steel,0.5,2.0,2.0,0.0,1.0,1.0,2.0,0.0,2.0,0.5,0.5,0.5,0.25,1.0,0.5,1.0,0.5,0.5
Ground,Fairy,1.0,1.0,2.0,0.0,2.0,2.0,0.5,1.0,1.0,1.0,1.0,0.5,0.5,1.0,0.0,0.5,2.0,1.0
Flying,,1.0,1.0,1.0,2.0,0.5,2.0,0.5,1.0,0.0,1.0,1.0,0.5,2.0,1.0,1.0,1.0,1.0,1.0
Flying,Normal,1.0,1.0,1.0,2.0,0.5,2.0,1.0,1.0,0.0,1.0,1.0,0.5,2.0,0.0,1.0,1.0,1.0,1.0
Flying,Fire,1.0,0.5,2.0,2.0,0.25,1.0,0.5,1.0,0.0,1.0,1.0,0.25,4.0,1.0,1.0,1.0,0.5,0.5
Flying,Water,1.0,0.5,0.5,4.0,1.0,1.0,0.5,1.0,0.0,1.0,1.0,0.5,2.0,1.0,1.0,1.0,0.5,1.0
Flying,Electric,1.0,1.0,1.0,1.0,0.5,2.0,0.5,1.0,0.0,0.5,1.0,0.5,2.0,1.0,1.0,1.0,0.5,1.0
Flying,Grass,1.0,2.0,0.5,1.0,0.25,4.0,0.5,2.0,0.0,2.0,1.0,1.0,2.0,1.0,1.0,1.0,1.0,1.0
Flying,Ice,1.0,2.0,1.0,2.0,0.5,1.0,1.0,1.0,0.0,1.0,1.0,0.5,4.0,1.0,1.0,1.0,2.0,1.0
Flying,Fighting,1.0,1.0,1.0,2.0,0.5,2.0,0.5,1.0,0.0,2.0,2.0,0.25,1.0,1.0,1.0,0.5,1.0,2.0
Flying,Poison,1.0,1.0,1.0,2.0,0.25,2.0,0.25,0.5,0.0,1.0,2.0,0.25,2.0,1.0,1.0,1.0,1.0,0.5
Flying,Ground,1.0,1.0,2.0,0.0,1.0,4.0,0.5,0.5,0.0,1.0,1.0,0.5,1.0,1.0,1.0,1.0,1.0,1.0
Flying,Psychic,1.0,1.0,1.0,2.0,0.5,2.0,0.25,1.0,0.0,1.0,0.5,1.0,2.0,2.0,1.0,2.0,1.0,1.0
Flying,Bug,1.0,2.0,1.0,2.0,0.25,2.0,0.25,1.0,0.0,2.0,1.0,0.5,4.0,1.0,1.0,1.0,1.0,1.0
Flying,Rock,0.5,0.5,2.0,2.0,1.0,2.0,1.0,0.5,0.0,0.5,1.0,0.5,2.0,1.0,1.0,1.0,2.0,1.0
Flying,Ghost,0.0,1.0,1.0,2.0,0.5,2.0,0.0,0.5,0.0,1.0,1.0,0.25,2.0,2.0,1.0,2.0,1.0,1.0
Flying,Dragon,1.0,0.5,0.5,1.0,0.25,4.0,0.5,1.0,0.0,1.0,1.0,0.5,2.0,1.0,2.0,1.0,1.0,2.0
Flying,Dark,1.0,1.0,1.0,2.0,0.5,2.0,1.0,1.0,0.0,1.0,0.0,1.0,2.0,0.5,1.0,0.5,1.0,2.0
Flying,Steel,0.5,2.0,1.0,2.0,0.25,1.0,1.0,0.0,0.0,0.5,0.5,0.25,1.0,1.0,0.5,1.0,0.5,0.5
Flying,Fairy,1.0,1.0,1.0,2.0,0.5,2.0,0.25,2.0,0.0,1.0,1.0,0.25,2.0,1.0,0.0,0.5,2.0,1.0
Psychic,,1.0,1.0,1.0,1.0,1.0,1.0,0.5,1.0,1.0,1.0,0.5,2.0,1.0,2.0,1.0,2.0,1.0,1.0
Psychic,Normal,1.0,1.0,1.0,1.0,1.0,1.0,1.0,1.0,1.0,1.0,0.5,2.0,1.0,0.0,1.0,2.0,1.0,1.0
Psychic,Fire,1.0,0.5,2.0,1.0,0.5,0.5,0.5,1.0,2.0,1.0,0.5,1.0,2.0,2.0,1.0,2.0,0.5,0.5
Psychic,Water,1.0,0.5,0.5,2.0,2.0,0.5,0.5,1.0,1.0,1.0,0.5,2.0,1.0,2.0,1.0,2.0,0.5,1.0
Psychic,Electric,1.0,1.0,1.0,0.5,1.0,1.0,0.5,1.0,2.0,0.5,0.5,2.0,1.0,2.0,1.0,2.0,0.5,1.0
Psychic,Grass,1.0,2.0,0.5,0.5,0.5,2.0,0.5,2.0,0.5,2.0,0.5,4.0,1.0,2.0,1.0,2.0,1.0,1.0
Psychic,Ice,1.0,2.0,1.0,1.0,1.0,0.5,1.0,1.0,1.0,1.0,0.5,2.0,2.0,2.0,1.0,2.0,2.0,1.0
Psychic,Fighting,1.0,1.0,1.0,1.0,1.0,1.0,0.5,1.0,1.0,2.0,1.0,1.0,0.5,2.0,1.0,1.0,1.0,2.0
Psychic,Poison,1.0,1.0,1.0,1.0,0.5,1.0,0.25,0.5,2.0,1.0,1.0,1.0,1.0,2.0,1.0,2.0,1.0,0.5
Psychic,Ground,1.0,1.0,2.0,0.0,2.0,2.0,0.5,0.5,1.0,1.0,0.5,2.0,0.5,2.0,1.0,2.0,1.0,1.0
Psychic,Flying,1.0,1.0,1.0,2.0,0.5,2.0,0.25,1.0,0.0,1.0,0.5,1.0,2.0,2.0,1.0,2.0,1.0,1.0
Psychic,Bug,1.0,2.0,1.0,1.0,0.5,1.0,0.25,1.0,0.5,2.0,0.5,2.0,2.0,2.0,1.0,2.0,1.0,1.0
Psychic,Rock,0.5,0.5,2.0,1.0,2.0,1.0,1.0,0.5,2.0,0.5,0.5,2.0,1.0,2.0,1.0,2.0,2.0,1.0
Psychic,Ghost,0.0,1.0,1.0,1.0,1.0,1.0,0.0,0.5,1.0,1.0,0.5,1.0,1.0,4.0,1.0,4.0,1.0,1.0
Psychic,Dragon,1.0,0.5,0.5,0.5,0.5,2.0,0.5,1.0,1.0,1.0,0.5,2.0,1.0,2.0,2.0,2.0,1.0,2.0
Psychic,Dark,1.0,1.0,1.0,1.0,1.0,1.0,1.0,1.0,1.0,1.0,0.0,4.0,1.0,1.0,1.0,1.0,1.0,2.0
Psychic,Steel,0.5,2.0,1.0,1.0,0.5,0.5,1.0,0.0,2.0,0.5,0.25,1.0,0.5,2.0,0.5,2.0,0.5,0.5
Psychic,Fairy,1.0,1.0,1.0,1.0,1.0,1.0,0.25,2.0,1.0,1.0,0.5,1.0,1.0,2.0,0.0,1.0,2.0,1.0
Bug,,1.0,2.0,1.0,1.0,0.5,1.0,0.5,1.0,0.5,2.0,1.0,1.0,2.0,1.0,1.0,1.0,1.0,1.0
Bug,Normal,1.0,2.0,1.0,1.0,0.5,1.0,1.0,1.0,0.5,2.0,1.0,1.0,2.0,0.0,1.0,1.0,1.0,1.0
Bug,Fire,1.0,1.0,2.0,1.0,0.25,0.5,0.5,1.0,1.0,2.0,1.0,0.5,4.0,1.0,1.0,1.0,0.5,0.5
Bug,Water,1.0,1.0,0.5,2.0,1.0,0.5,0.5,1.0,0.5,2.0,1.0,1.0,2.0,1.0,1.0,1.0,0.5,1.0
Bug,Electric,1.0,2.0,1.0,0.5,0.5,1.0,0.5,1.0,1.0,1.0,1.0,1.0,2.0,1.0,1.0,1.0,0.5,1.0
Bug,Grass,1.0,4.0,0.5,0.5,0.25,2.0,0.5,2.0,0.25,4.0,1.0,2.0,2.0,1.0,1.0,1.0,1.0,1.0
Bug,Ice,1.0,4.0,1.0,1.0,0.5,0.5,1.0,1.0,0.5,2.0,1.0,1.0,4.0,1.0,1.0,1.0,2.0,1.0
Bug,Fighting,1.0,2.0,1.0,1.0,0.5,1.0,0.5,1.0,0.5,4.0,2.0,0.5,1.0,1.0,1.0,0.5,1.0,2.0
Bug,Poison,1.0,2.0,1.0,1.0,0.25,1.0,0.25,0.5,1.0,2.0,2.0,0.5,2.0,1.0,1.0,1.0,1.0,0.5
Bug,Ground,1.0,2.0,2.0,0.0,1.0,2.0,0.5,0.5,0.5,2.0,1.0,1.0,1.0,1.0,1.0,1.0,1.0,1.0
Bug,Flying,1.0,2.0,1.0,2.0,0.25,2.0,0.25,1.0,0.0,2.0,1.0,0.5,4.0,1.0,1.0,1.0,1.0,1.0
Bug,Psychic,1.0,2.0,1.0,1.0,0.5,1.0,0.25,1.0,0.5,2.0,0.5,2.0,2.0,2.0,1.0,2.0,1.0,1.0
Bug,Rock,0.5,1.0,2.0,1.0,1.0,1.0,1.0,0.5,1.0,1.0,1.0,1.0,2.0,1.0,1.0,1.0,2.0,1.0
Bug,Ghost,0.0,2.0,1.0,1.0,0.5,1.0,0.0,0.5,0.5,2.0,1.0,0.5,2.0,2.0,1.0,2.0,1.0,1.0
Bug,Dragon,1.0,1.0,0.5,0.5,0.25,2.0,0.5,1.0,0.5,2.0,1.0,1.0,2.0,1.0,2.0,1.0,1.0,2.0
Bug,Dark,1.0,2.0,1.0,1.0,0.5,1.0,1.0,1.0,0.5,2.0,0.0,2.0,2.0,0.5,1.0,0.5,1.0,2.0
Bug,Steel,0.5,4.0,1.0,1.0,0.25,0.5,1.0,0.0,1.0,1.0,0.5,0.5,1.0,1.0,0.5,1.0,0.5,0.5
Bug,Fairy,1.0,2.0,1.0,1.0,0.5,1.0,0.25,2.0,0.5,2.0,1.0,0.5,2.0,1.0,0.0,0.5,2.0,1.0
Rock,,0.5,0.5,2.0,1.0,2.0,1.0,2.0,0.5,2.0,0.5,1.0,1.0,1.0,1.0,1.0,1.0,2.0,1.0
Rock,Normal,0.5,0.5,2.0,1.0,2.0,1.0,4.0,0.5,2.0,0.5,1.0,1.0,1.0,0.0,1.0,1.0,2.0,1.0
Rock,Fire,0.5,0.25,4.0,1.0,1.0,0.5,2.0,0.5,4.0,0.5,1.0,0.5,2.0,1.0,1.0,1.0,1.0,0.5
Rock,Water,0.5,0.25,1.0,2.0,4.0,0.5,2.0,0.5,2.0,0.5,1.0,1.0,1.0,1.0,1.0,1.0,1.0,1.0
Rock,Electric,0.5,0.5,2.0,0.5,2.0,1.0,2.0,0.5,4.0,0.25,1.0,1.0,1.0,1.0,1.0,1.0,1.0,1.0
Rock,Grass,0.5,1.0,1.0,0.5,1.0,2.0,2.0,1.0,1.0,1.0,1.0,2.0,1.0,1.0,1.0,1.0,2.0,1.0
Rock,Ice,0.5,1.0,2.0,1.0,2.0,0.5,4.0,0.5,2.0,0.5,1.0,1.0,2.0,1.0,1.0,1.0,4.0,1.0
Rock,Fighting,0.5,0.5,2.0,1.0,2.0,1.0,2.0,0.5,2.0,1.0,2.0,0.5,0.5,1.0,1.0,0.5,2.0,2.0
Rock,Poison,0.5,0.5,2.0,1.0,1.0,1.0,1.0,0.25,4.0,0.5,2.0,0.5,1.0,1.0,1.0,1.0,2.0,0.5
Rock,Ground,0.5,0.5,4.0,0.0,4.0,2.0,2.0,0.25,2.0,0.5,1.0,1.0,0.5,1.0,1.0,1.0,2.0,1.0
Rock,Flying,0.5,0.5,2.0,2.0,1.0,2.0,1.0,0.5,0.0,0.5,1.0,0.5,2.0,1.0,1.0,1.0,2.0,1.0
Rock,Psychic,0.5,0.5,2.0,1.0,2.0,1.0,1.0,0.5,2.0,0.5,0.5,2.0,1.0,2.0,1.0,2.0,2.0,1.0
Rock,Bug,0.5,1.0,2.0,1.0,1.0,1.0,1.0,0.5,1.0,1.0,1.0,1.0,2.0,1.0,1.0,1.0,2.0,1.0
Rock,Ghost,0.0,0.5,2.0,1.0,2.0,1.0,0.0,0.25,2.0,0.5,1.0,0.5,1.0,2.0,1.0,2.0,2.0,1.0
Rock,Dragon,0.5,0.25,1.0,0.5,1.0,2.0,2.0,0.5,2.0,0.5,1.0,1.0,1.0,1.0,2.0,1.0,2.0,2.0
Rock,Dark,0.5,0.5,2.0,1.0,2.0,1.0,4.0,0.5,2.0,0.5,0.0,2.0,1.0,0.5,1.0,0.5,2.0,2.0
Rock,Steel,0.25,1.0,2.0,1.0,1.0,0.5,4.0,0.0,4.0,0.25,0.5,0.5,0.5,1.0,0.5,1.0,1.0,0.5
Rock,Fairy,0.5,0.5,2.0,1.0,2.0,1.0,1.0,1.0,2.0,0.5,1.0,0.5,1.0,1.0,0.0,0.5,4.0,1.0
Ghost,,0.0,1.0,1.0,1.0,1.0,1.0,0.0,0.5,1.0,1.0,1.0,0.5,1.0,2.0,1.0,2.0,1.0,1.0
Ghost,Normal,0.0,1.0,1.0,1.0,1.0,1.0,0.0,0.5,1.0,1.0,1.0,0.5,1.0,0.0,1.0,2.0,1.0,1.0
Ghost,Fire,0.0,0.5,2.0,1.0,0.5,0.5,0.0,0.5,2.0,1.0,1.0,0.25,2.0,2.0,1.0,2.0,0.5,0.5
Ghost,Water,0.0,0.5,0.5,2.0,2.0,0.5,0.0,0.5,1.0,1.0,1.0,0.5,1.0,2.0,1.0,2.0,0.5,1.0
Ghost,Electric,0.0,1.0,1.0,0.5,1.0,1.0,0.0,0.5,2.0,0.5,1.0,0.5,1.0,2.0,1.0,2.0,0.5,1.0
Ghost,Grass,0.0,2.0,0.5,0.5,0.5,2.0,0.0,1.0,0.5,2.0,1.0,1.0,1.0,2.0,1.0,2.0,1.0,1.0
Ghost,Ice,0.0,2.0,1.0,1.0,1.0,0.5,0.0,0.5,1.0,1.0,1.0,0.5,2.0,2.0,1.0,2.0,2.0,1.0
Ghost,Fighting,0.0,1.0,1.0,1.0,1.0,1.0,0.0,0.5,1.0,2.0,2.0,0.25,0.5,2.0,1.0,1.0,1.0,2.0
Ghost,Poison,0.0,1.0,1.0,1.0,0.5,1.0,0.0,0.25,2.0,1.0,2.0,0.25,1.0,2.0,1.0,2.0,1.0,0.5
Ghost,Ground,0.0,1.0,2.0,0.0,2.0,2.0,0.0,0.25,1.0,1.0,1.0,0.5,0.5,2.0,1.0,2.0,1.0,1.0
Ghost,Flying,0.0,1.0,1.0,2.0,0.5,2.0,0.0,0.5,0.0,1.0,1.0,0.25,2.0,2.0,1.0,2.0,1.0,1.0
Ghost,Psychic,0.0,1.0,1.0,1.0,1.0,1.0,0.0,0.5,1.0,1.0,0.5,1.0,1.0,4.0,1.0,4.0,1.0,1.0
Ghost,Bug,0.0,2.0,1.0,1.0,0.5,1.0,0.0,0.5,0.5,2.0,1.0,0.5,2.0,2.0,1.0,2.0,1.0,1.0
Ghost,Rock,0.0,0.5,2.0,1.0,2.0,1.0,0.0,0.25,2.0,0.5,1.0,0.5,1.0,2.0,1.0,2.0,2.0,1.0
Ghost,Dragon,0.0,0.5,0.5,0.5,0.5,2.0,0.0,0.5,1.0,1.0,1.0,0.5,1.0,2.0,2.0,2.0,1.0,2.0
Ghost,Dark,0.0,1.0,1.0,1.0,1.0,1.0,0.0,0.5,1.0,1.0,0.0,1.0,1.0,1.0,1.0,1.0,1.0,2.0
Ghost,Steel,0.0,2.0,1.0,1.0,0.5,0.5,0.0,0.0,2.0,0.5,0.5,0.25,0.5,2.0,0.5,2.0,0.5,0.5
Ghost,Fairy,0.0,1.0,1.0,1.0,1.0,1.0,0.0,1.0,1.0,1.0,1.0,0.25,1.0,2.0,0.0,1.0,2.0,1.0
Dragon,,1.0,0.5,0.5,0.5,0.5,2.0,1.0,1.0,1.0,1.0,1.0,1.0,1.0,1.0,2.0,1.0,1.0,2.0
Dragon,Normal,1.0,0.5,0.5,0.5,0.5,2.0,2.0,1.0,1.0,1.0,1.0,1.0,1.0,0.0,2.0,1.0,1.0,2.0
Dragon,Fire,1.0,0.25,1.0,0.5,0.25,1.0,1.0,1.0,2.0,1.0,1.0,0.5,2.0,1.0,2.0,1.0,0.5,1.0
Dragon,Water,1.0,0.25,0.25,1.0,1.0,1.0,1.0,1.0,1.0,1.0,1.0,1.0,1.0,1.0,2.0,1.0,0.5,2.0
Dragon,Electric,1.0,0.5,0.5,0.25,0.5,2.0,1.0,1.0,2.0,0.5,1.0,1.0,1.0,1.0,2.0,1.0,0.5,2.0
Dragon,Grass,1.0,1.0,0.25,0.25,0.25,4.0,1.0,2.0,0.5,2.0,1.0,2.0,1.0,1.0,2.0,1.0,1.0,2.0
Dragon,Ice,1.0,1.0,0.5,0.5,0.5,1.0,2.0,1.0,1.0,1.0,1.0,1.0,2.0,1.0,2.0,1.0,2.0,2.0
Dragon,Fighting,1.0,0.5,0.5,0.5,0.5,2.0,1.0,1.0,1.0,2.0,2.0,0.5,0.5,1.0,2.0,0.5,1.0,4.0
Dragon,Poison,1.0,0.5,0.5,0.5,0.25,2.0,0.5,0.5,2.0,1.0,2.0,0.5,1.0,1.0,2.0,1.0,1.0,1.0
Dragon,Ground,1.0,0.5,1.0,0.0,1.0,4.0,1.0,0.5,1.0,1.0,1.0,1.0,0.5,1.0,2.0,1.0,1.0,2.0
Dragon,Flying,1.0,0.5,0.5,1.0,0.25,4.0,0.5,1.0,0.0,1.0,1.0,0.5,2.0,1.0,2.0,1.0,1.0,2.0
Dragon,Psychic,1.0,0.5,0.5,0.5,0.5,2.0,0.5,1.0,1.0,1.0,0.5,2.0,1.0,2.0,2.0,2.0,1.0,2.0
Dragon,Bug,1.0,1.0,0.5,0.5,0.25,2.0,0.5,1.0,0.5,2.0,1.0,1.0,2.0,1.0,2.0,1.0,1.0,2.0
Dragon,Rock,0.5,0.25,1.0,0.5,1.0,2.0,2.0,0.5,2.0,0.5,1.0,1.0,1.0,1.0,2.0,1.0,2.0,2.0
Dragon,Ghost,0.0,0.5,0.5,0.5,0.5,2.0,0.0,0.5,1.0,1.0,1.0,0.5,1.0,2.0,2.0,2.0,1.0,2.0
Dragon,Dark,1.0,0.5,0.5,0.5,0.5,2.0,2.0,1.0,1.0,1.0,0.0,2.0,1.0,0.5,2.0,0.5,1.0,4.0
Dragon,Steel,0.5,1.0,0.5,0.5,0.25,1.0,2.0,0.0,2.0,0.5,0.5,0.5,0.5,1.0,1.0,1.0,0.5,1.0
Dragon,Fairy,1.0,0.5,0.5,0.5,0.5,2.0,0.5,2.0,1.0,1.0,1.0,0.5,1.0,1.0,0.0,0.5,2.0,2.0
Dark,,1.0,1.0,1.0,1.0,1.0,1.0,2.0,1.0,1.0,1.0,0.0,2.0,1.0,0.5,1.0,0.5,1.0,2.0
Dark,Normal,1.0,1.0,1.0,1.0,1.0,1.0,4.0,1.0,1.0,1.0,0.0,2.0,1.0,0.0,1.0,0.5,1.0,2.0
Dark,Fire,1.0,0.5,2.0,1.0,0.5,0.5,2.0,1.0,2.0,1.0,0.0,1.0,2.0,0.5,1.0,0.5,0.5,1.0
Dark,Water,1.0,0.5,0.5,2.0,2.0,0.5,2.0,1.0,1.0,1.0,0.0,2.0,1.0,0.5,1.0,0.5,0.5,2.0
Dark,Electric,1.0,1.0,1.0,0.5,1.0,1.0,2.0,1.0,2.0,0.5,0.0,2.0,1.0,0.5,1.0,0.5,0.5,2.0
Dark,Grass,1.0,2.0,0.5,0.5,0.5,2.0,2.0,2.0,0.5,2.0,0.0,4.0,1.0,0.5,1.0,0.5,1.0,2.0
Dark,Ice,1.0,2.0,1.0,1.0,1.0,0.5,4.0,1.0,1.0,1.0,0.0,2.0,2.0,0.5,1.0,0.5,2.0,2.0
Dark,Fighting,1.0,1.0,1.0,1.0,1.0,1.0,2.0,1.0,1.0,2.0,0.0,1.0,0.5,0.5,1.0,0.25,1.0,4.0
Dark,Poison,1.0,1.0,1.0,1.0,0.5,1.0,1.0,0.5,2.0,1.0,0.0,1.0,1.0,0.5,1.0,0.5,1.0,1.0
Dark,Ground,1.0,1.0,2.0,0.0,2.0,2.0,2.0,0.5,1.0,1.0,0.0,2.0,0.5,0.5,1.0,0.5,1.0,2.0
Dark,Flying,1.0,1.0,1.0,2.0,0.5,2.0,1.0,1.0,0.0,1.0,0.0,1.0,2.0,0.5,1.0,0.5,1.0,2.0
Dark,Psychic,1.0,1.0,1.0,1.0,1.0,1.0,1.0,1.0,1.0,1.0,0.0,4.0,1.0,1.0,1.0,1.0,1.0,2.0
Dark,Bug,1.0,2.0,1.0,1.0,0.5,1.0,1.0,1.0,0.5,2.0,0.0,2.0,2.0,0.5,1.0,0.5,1.0,2.0
Dark,Rock,0.5,0.5,2.0,1.0,2.0,1.0,4.0,0.5,2.0,0.5,0.0,2.0,1.0,0.5,1.0,0.5,2.0,2.0
Dark,Ghost,0.0,1.0,1.0,1.0,1.0,1.0,0.0,0.5,1.0,1.0,0.0,1.0,1.0,1.0,1.0,1.0,1.0,2.0
Dark,Dragon,1.0,0.5,0.5,0.5,0.5,2.0,2.0,1.0,1.0,1.0,0.0,2.0,1.0,0.5,2.0,0.5,1.0,4.0
Dark,Steel,0.5,2.0,1.0,1.0,0.5,0.5,4.0,0.0,2.0,0.5,0.0,1.0,0.5,0.5,0.5,0.5,0.5,1.0
Dark,Fairy,1.0,1.0,1.0,1.0,1.0,1.0,1.0,2.0,1.0,1.0,0.0,1.0,1.0,0.5,0.0,0.25,2.0,2.0
Steel,,0.5,2.0,1.0,1.0,0.5,0.5,2.0,0.0,2.0,0.5,0.5,0.5,0.5,1.0,0.5,1.0,0.5,0.5
Steel,Normal,0.5,2.0,1.0,1.0,0.5,0.5,4.0,0.0,2.0,0.5,0.5,0.5,0.5,0.0,0.5,1.0,0.5,0.5
Steel,Fire,0.5,1.0,2.0,1.0,0.25,0.25,2.0,0.0,4.0,0.5,0.5,0.25,1.0,1.0,0.5,1.0,0.25,0.25
Steel,Water,0.5,1.0,0.5,2.0,1.0,0.25,2.0,0.0,2.0,0.5,0.5,0.5,0.5,1.0,0.5,1.0,0.25,0.5
Steel,Electric,0.5,2.0,1.0,0.5,0.5,0.5,2.0,0.0,4.0,0.25,0.5,0.5,0.5,1.0,0.5,1.0,0.25,0.5
Steel,Grass,0.5,4.0,0.5,0.5,0.25,1.0,2.0,0.0,1.0,1.0,0.5,1.0,0.5,1.0,0.5,1.0,0.5,0.5
Steel,Ice,0.5,4.0,1.0,1.0,0.5,0.25,4.0,0.0,2.0,0.5,0.5,0.5,1.0,1.0,0.5,1.0,1.0,0.5
Steel,Fighting,0.5,2.0,1.0,1.0,0.5,0.5,2.0,0.0,2.0,1.0,1.0,0.25,0.25,1.0,0.5,0.5,0.5,1.0
Steel,Poison,0.5,2.0,1.0,1.0,0.25,0.5,1.0,0.0,4.0,0.5,1.0,0.25,0.5,1.0,0.5,1.0,0.5,0.25
Steel,Ground,0.5,2.0,2.0,0.0,1.0,1.0,2.0,0.0,2.0,0.5,0.5,0.5,0.25,1.0,0.5,1.0,0.5,0.5
Steel,Flying,0.5,2.0,1.0,2.0,0.25,1.0,1.0,0.0,0.0,0.5,0.5,0.25,1.0,1.0,0.5,1.0,0.5,0.5
Steel,Psychic,0.5,2.0,1.0,1.0,0.5,0.5,1.0,0.0,2.0,0.5,0.25,1.0,0.5,2.0,0.5,2.0,0.5,0.5
Steel,Bug,0.5,4.0,1.0,1.0,0.25,0.5,1.0,0.0,1.0,1.0,0.5,0.5,1.0,1.0,0.5,1.0,0.5,0.5
Steel,Rock,0.25,1.0,2.0,1.0,1.0,0.5,4.0,0.0,4.0,0.25,0.5,0.5,0.5,1.0,0.5,1.0,1.0,0.5
Steel,Ghost,0.0,2.0,1.0,1.0,0.5,0.5,0.0,0.0,2.0,0.5,0.5,0.25,0.5,2.0,0.5,2.0,0.5,0.5
Steel,Dragon,0.5,1.0,0.5,0.5,0.25,1.0,2.0,0.0,2.0,0.5,0.5,0.5,0.5,1.0,1.0,1.0,0.5,1.0
Steel,Dark,0.5,2.0,1.0,1.0,0.5,0.5,4.0,0.0,2.0,0.5,0.0,1.0,0.5,0.5,0.5,0.5,0.5,1.0
Steel,Fairy,0.5,2.0,1.0,1.0,0.5,0.5,1.0,0.0,2.0,0.5,0.5,0.25,0.5,1.0,0.0,0.5,1.0,0.5
Fairy,,1.0,1.0,1.0,1.0,1.0,1.0,0.5,2.0,1.0,1.0,1.0,0.5,1.0,1.0,0.0,0.5,2.0,1.0
Fairy,Normal,1.0,1.0,1.0,1.0,1.0,1.0,1.0,2.0,1.0,1.0,1.0,0.5,1.0,0.0,0.0,0.5,2.0,1.0
Fairy,Fire,1.0,0.5,2.0,1.0,0.5,0.5,0.5,2.0,2.0,1.0,1.0,0.25,2.0,1.0,0.0,0.5,1.0,0.5
Fairy,Water,1.0,0.5,0.5,2.0,2.0,0.5,0.5,2.0,1.0,1.0,1.0,0.5,1.0,1.0,0.0,0.5,1.0,1.0
Fairy,Electric,1.0,1.0,1.0,0.5,1.0,1.0,0.5,2.0,2.0,0.5,1.0,0.5,1.0,1.0,0.0,0.5,1.0,1.0
Fairy,Grass,1.0,2.0,0.5,0.5,0.5,2.0,0.5,4.0,0.5,2.0,1.0,1.0,1.0,1.0,0.0,0.5,2.0,1.0
Fairy,Ice,1.0,2.0,1.0,1.0,1.0,0.5,1.0,2.0,1.0,1.0,1.0,0.5,2.0,1.0,0.0,0.5,4.0,1.0
Fairy,Fighting,1.0,1.0,1.0,1.0,1.0,1.0,0.5,2.0,1.0,2.0,2.0,0.25,0.5,1.0,0.0,0.25,2.0,2.0
Fairy,Poison,1.0,1.0,1.0,1.0,0.5,1.0,0.25,1.0,2.0,1.0,2.0,0.25,1.0,1.0,0.0,0.5,2.0,0.5
Fairy,Ground,1.0,1.0,2.0,0.0,2.0,2.0,0.5,1.0,1.0,1.0,1.0,0.5,0.5,1.0,0.0,0.5,2.0,1.0
Fairy,Flying,1.0,1.0,1.0,2.0,0.5,2.0,0.25,2.0,0.0,1.0,1.0,0.25,2.0,1.0,0.0,0.5,2.0,1.0
Fairy,Psychic,1.0,1.0,1.0,1.0,1.0,1.0,0.25,2.0,1.0,1.0,0.5,1.0,1.0,2.0,0.0,1.0,2.0,1.0
Fairy,Bug,1.0,2.0,1.0,1.0,0.5,1.0,0.25,2.0,0.5,2.0,1.0,0.5,2.0,1.0,0.0,0.5,2.0,1.0
Fairy,Rock,0.5,0.5,2.0,1.0,2.0,1.0,1.0,1.0,2.0,0.5,1.0,0.5,1.0,1.0,0.0,0.5,4.0,1.0
Fairy,Ghost,0.0,1.0,1.0,1.0,1.0,1.0,0.0,1.0,1.0,1.0,1.0,0.25,1.0,2.0,0.0,1.0,2.0,1.0
Fairy,Dragon,1.0,0.5,0.5,0.5,0.5,2.0,0.5,2.0,1.0,1.0,1.0,0.5,1.0,1.0,0.0,0.5,2.0,2.0
Fairy,Dark,1.0,1.0,1.0,1.0,1.0,1.0,1.0,2.0,1.0,1.0,0.0,1.0,1.0,0.5,0.0,0.25,2.0,2.0
Fairy,Steel,0.5,2.0,1.0,1.0,0.5,0.5,1.0,0.0,2.0,0.5,0.5,0.25,0.5,1.0,0.0,0.5,1.0,0.5
