,defense-type1,defense-type2,normal,fire,water,electric,grass,ice,fighting,poison,ground,flying,psychic,bug,rock,ghost,dragon,dark,steel,fairy
0,Normal,,1.0,1.0,1.0,1.0,1.0,1.0,2.0,1.0,1.0,1.0,1.0,1.0,1.0,0.0,1.0,1.0,1.0,1.0
1,Normal,Fire,1.0,0.5,2.0,1.0,0.5,0.5,2.0,1.0,2.0,1.0,1.0,0.5,2.0,0.0,1.0,1.0,0.5,0.5
2,Normal,Water,1.0,0.5,0.5,2.0,2.0,0.5,2.0,1.0,1.0,1.0,1.0,1.0,1.0,0.0,1.0,1.0,0.5,1.0
3,Normal,Electric,1.0,1.0,1.0,0.5,1.0,1.0,2.0,1.0,2.0,0.5,1.0,1.0,1.0,0.0,1.0,1.0,0.5,1.0
4,Normal,Grass,1.0,2.0,0.5,0.5,0.5,2.0,2.0,2.0,0.5,2.0,1.0,2.0,1.0,0.0,1.0,1.0,1.0,1.0
5,Normal,Ice,1.0,2.0,1.0,1.0,1.0,0.5,4.0,1.0,1.0,1.0,1.0,1.0,2.0,0.0,1.0,1.0,2.0,1.0
6,Normal,Fighting,1.0,1.0,1.0,1.0,1.0,1.0,2.0,1.0,1.0,2.0,2.0,0.5,0.5,0.0,1.0,0.5,1.0,2.0
7,Normal,Poison,1.0,1.0,1.0,1.0,0.5,1.0,1.0,0.5,2.0,1.0,2.0,0.5,1.0,0.0,1.0,1.0,1.0,0.5
8,Normal,Ground,1.0,1.0,2.0,0.0,2.0,2.0,2.0,0.5,1.0,1.0,1.0,1.0,0.5,0.0,1.0,1.0,1.0,1.0
9,Normal,Flying,1.0,1.0,1.0,2.0,0.5,2.0,1.0,1.0,0.0,1.0,1.0,0.5,2.0,0.0,1.0,1.0,1.0,1.0
10,Normal,Psychic,1.0,1.0,1.0,1.0,1.0,1.0,1.0,1.0,1.0,1.0,0.5,2.0,1.0,0.0,1.0,2.0,1.0,1.0
11,Normal,Bug,1.0,2.0,1.0,1.0,0.5,1.0,1.0,1.0,0.5,2.0,1.0,1.0,2.0,0.0,1.0,1.0,1.0,1.0
12,Normal,Rock,0.5,0.5,2.0,1.0,2.0,1.0,4.0,0.5,2.0,0.5,1.0,1.0,1.0,0.0,1.0,1.0,2.0,1.0
13,Normal,Ghost,0.0,1.0,1.0,1.0,1.0,1.0,0.0,0.5,1.0,1.0,1.0,0.5,1.0,0.0,1.0,2.0,1.0,1.0
14,Normal,Dragon,1.0,0.5,0.5,0.5,0.5,2.0,2.0,1.0,1.0,1.0,1.0,1.0,1.0,0.0,2.0,1.0,1.0,2.0
15,Normal,Dark,1.0,1.0,1.0,1.0,1.0,1.0,4.0,1.0,1.0,1.0,0.0,2.0,1.0,0.0,1.0,0.5,1.0,2.0
16,Normal,Steel,0.5,2.0,1.0,1.0,0.5,0.5,4.0,0.0,2.0,0.5,0.5,0.5,0.5,0.0,0.5,1.0,0.5,0.5
17,Normal,Fairy,1.0,1.0,1.0,1.0,1.0,1.0,1.0,2.0,1.0,1.0,1.0,0.5,1.0,0.0,0.0,0.5,2.0,1.0
18,Fire,,1.0,0.5,2.0,1.0,0.5,0.5,1.0,1.0,2.0,1.0,1.0,0.5,2.0,1.0,1.0,1.0,0.5,0.5
19,Fire,Normal,1.0,0.5,2.0,1.0,0.5,0.5,2.0,1.0,2.0,1.0,1.0,0.5,2.0,0.0,1.0,1.0,0.5,0.5
20,Fire,Water,1.0,0.25,1.0,2.0,1.0,0.25,1.0,1.0,2.0,1.0,1.0,0.5,2.0,1.0,1.0,1.0,0.25,0.5
21,Fire,Electric,1.0,0.5,2.0,0.5,0.5,0.5,1.0,1.0,4.0,0.5,1.0,0.5,2.0,1.0,1.0,1.0,0.25,0.5
22,Fire,Grass,1.0,1.0,1.0,0.5,0.25,1.0,1.0,2.0,1.0,2.0,1.0,1.0,2.0,1.0,1.0,1.0,0.5,0.5
23,Fire,Ice,1.0,1.0,2.0,1.0,0.5,0.25,2.0,1.0,2.0,1.0,1.0,0.5,4.0,1.0,1.0,1.0,1.0,0.5
24,Fire,Fighting,1.0,0.5,2.0,1.0,0.5,0.5,1.0,1.0,2.0,2.0,2.0,0.25,1.0,1.0,1.0,0.5,0.5,1.0
25,Fire,Poison,1.0,0.5,2.0,1.0,0.25,0.5,0.5,0.5,4.0,1.0,2.0,0.25,2.0,1.0,1.0,1.0,0.5,0.25
26,Fire,Ground,1.0,0.5,4.0,0.0,1.0,1.0,1.0,0.5,2.0,1.0,1.0,0.5,1.0,1.0,1.0,1.0,0.5,0.5
27,Fire,Flying,1.0,0.5,2.0,2.0,0.25,1.0,0.5,1.0,0.0,1.0,1.0,0.25,4.0,1.0,1.0,1.0,0.5,0.5
28,Fire,Psychic,1.0,0.5,2.0,1.0,0.5,0.5,0.5,1.0,2.0,1.0,0.5,1.0,2.0,2.0,1.0,2.0,0.5,0.5
29,Fire,Bug,1.0,1.0,2.0,1.0,0.25,0.5,0.5,1.0,1.0,2.0,1.0,0.5,4.0,1.0,1.0,1.0,0.5,0.5
30,Fire,Rock,0.5,0.25,4.0,1.0,1.0,0.5,2.0,0.5,4.0,0.5,1.0,0.5,2.0,1.0,1.0,1.0,1.0,0.5
31,Fire,Ghost,0.0,0.5,2.0,1.0,0.5,0.5,0.0,0.5,2.0,1.0,1.0,0.25,2.0,2.0,1.0,2.0,0.5,0.5
32,Fire,Dragon,1.0,0.25,1.0,0.5,0.25,1.0,1.0,1.0,2.0,1.0,1.0,0.5,2.0,1.0,2.0,1.0,0.5,1.0
33,Fire,Dark,1.0,0.5,2.0,1.0,0.5,0.5,2.0,1.0,2.0,1.0,0.0,1.0,2.0,0.5,1.0,0.5,0.5,1.0
34,Fire,Steel,0.5,1.0,2.0,1.0,0.25,0.25,2.0,0.0,4.0,0.5,0.5,0.25,1.0,1.0,0.5,1.0,0.25,0.25
35,Fire,Fairy,1.0,0.5,2.0,1.0,0.5,0.5,0.5,2.0,2.0,1.0,1.0,0.25,2.0,1.0,0.0,0.5,1.0,0.5
36,Water,,1.0,0.5,0.5,2.0,2.0,0.5,1.0,1.0,1.0,1.0,1.0,1.0,1.0,1.0,1.0,1.0,0.5,1.0
37,Water,Normal,1.0,0.5,0.5,2.0,2.0,0.5,2.0,1.0,1.0,1.0,1.0,1.0,1.0,0.0,1.0,1.0,0.5,1.0
38,Water,Fire,1.0,0.25,1.0,2.0,1.0,0.25,1.0,1.0,2.0,1.0,1.0,0.5,2.0,1.0,1.0,1.0,0.25,0.5
39,Water,Electric,1.0,0.5,0.5,1.0,2.0,0.5,1.0,1.0,2.0,0.5,1.0,1.0,1.0,1.0,1.0,1.0,0.25,1.0
40,Water,Grass,1.0,1.0,0.25,1.0,1.0,1.0,1.0,2.0,0.5,2.0,1.0,2.0,1.0,1.0,1.0,1.0,0.5,1.0
41,Water,Ice,1.0,1.0,0.5,2.0,2.0,0.25,2.0,1.0,1.0,1.0,1.0,1.0,2.0,1.0,1.0,1.0,1.0,1.0
42,Water,Fighting,1.0,0.5,0.5,2.0,2.0,0.5,1.0,1.0,1.0,2.0,2.0,0.5,0.5,1.0,1.0,0.5,0.5,2.0
43,Water,Poison,1.0,0.5,0.5,2.0,1.0,0.5,0.5,0.5,2.0,1.0,2.0,0.5,1.0,1.0,1.0,1.0,0.5,0.5
44,Water,Ground,1.0,0.5,1.0,0.0,4.0,1.0,1.0,0.5,1.0,1.0,1.0,1.0,0.5,1.0,1.0,1.0,0.5,1.0
45,Water,Flying,1.0,0.5,0.5,4.0,1.0,1.0,0.5,1.0,0.0,1.0,1.0,0.5,2.0,1.0,1.0,1.0,0.5,1.0
46,Water,Psychic,1.0,0.5,0.5,2.0,2.0,0.5,0.5,1.0,1.0,1.0,0.5,2.0,1.0,2.0,1.0,2.0,0.5,1.0
47,Water,Bug,1.0,1.0,0.5,2.0,1.0,0.5,0.5,1.0,0.5,2.0,1.0,1.0,2.0,1.0,1.0,1.0,0.5,1.0
48,Water,Rock,0.5,0.25,1.0,2.0,4.0,0.5,2.0,0.5,2.0,0.5,1.0,1.0,1.0,1.0,1.0,1.0,1.0,1.0
49,Water,Ghost,0.0,0.5,0.5,2.0,2.0,0.5,0.0,0.5,1.0,1.0,1.0,0.5,1.0,2.0,1.0,2.0,0.5,1.0
50,Water,Dragon,1.0,0.25,0.25,1.0,1.0,1.0,1.0,1.0,1.0,1.0,1.0,1.0,1.0,1.0,2.0,1.0,0.5,2.0
51,Water,Dark,1.0,0.5,0.5,2.0,2.0,0.5,2.0,1.0,1.0,1.0,0.0,2.0,1.0,0.5,1.0,0.5,0.5,2.0
52,Water,Steel,0.5,1.0,0.5,2.0,1.0,0.25,2.0,0.0,2.0,0.5,0.5,0.5,0.5,1.0,0.5,1.0,0.25,0.5
53,Water,Fairy,1.0,0.5,0.5,2.0,2.0,0.5,0.5,2.0,1.0,1.0,1.0,0.5,1.0,1.0,0.0,0.5,1.0,1.0
54,Electric,,1.0,1.0,1.0,0.5,1.0,1.0,1.0,1.0,2.0,0.5,1.0,1.0,1.0,1.0,1.0,1.0,0.5,1.0
55,Electric,Normal,1.0,1.0,1.0,0.5,1.0,1.0,2.0,1.0,2.0,0.5,1.0,1.0,1.0,0.0,1.0,1.0,0.5,1.0
56,Electric,Fire,1.0,0.5,2.0,0.5,0.5,0.5,1.0,1.0,4.0,0.5,1.0,0.5,2.0,1.0,1.0,1.0,0.25,0.5
57,Electric,Water,1.0,0.5,0.5,1.0,2.0,0.5,1.0,1.0,2.0,0.5,1.0,1.0,1.0,1.0,1.0,1.0,0.25,1.0
58,Electric,Grass,1.0,2.0,0.5,0.25,0.5,2.0,1.0,2.0,1.0,1.0,1.0,2.0,1.0,1.0,1.0,1.0,0.5,1.0
59,Electric,Ice,1.0,2.0,1.0,0.5,1.0,0.5,2.0,1.0,2.0,0.5,1.0,1.0,2.0,1.0,1.0,1.0,1.0,1.0
60,Electric,Fighting,1.0,1.0,1.0,0.5,1.0,1.0,1.0,1.0,2.0,1.0,2.0,0.5,0.5,1.0,1.0,0.5,0.5,2.0
61,Electric,Poison,1.0,1.0,1.0,0.5,0.5,1.0,0.5,0.5,4.0,0.5,2.0,0.5,1.0,1.0,1.0,1.0,0.5,0.5
62,Electric,Ground,1.0,1.0,2.0,0.0,2.0,2.0,1.0,0.5,2.0,0.5,1.0,1.0,0.5,1.0,1.0,1.0,0.5,1.0
63,Electric,Flying,1.0,1.0,1.0,1.0,0.5,2.0,0.5,1.0,0.0,0.5,1.0,0.5,2.0,1.0,1.0,1.0,0.5,1.0
64,Electric,Psychic,1.0,1.0,1.0,0.5,1.0,1.0,0.5,1.0,2.0,0.5,0.5,2.0,1.0,2.0,1.0,2.0,0.5,1.0
65,Electric,Bug,1.0,2.0,1.0,0.5,0.5,1.0,0.5,1.0,1.0,1.0,1.0,1.0,2.0,1.0,1.0,1.0,0.5,1.0
66,Electric,Rock,0.5,0.5,2.0,0.5,2.0,1.0,2.0,0.5,4.0,0.25,1.0,1.0,1.0,1.0,1.0,1.0,1.0,1.0
67,Electric,Ghost,0.0,1.0,1.0,0.5,1.0,1.0,0.0,0.5,2.0,0.5,1.0,0.5,1.0,2.0,1.0,2.0,0.5,1.0
68,Electric,Dragon,1.0,0.5,0.5,0.25,0.5,2.0,1.0,1.0,2.0,0.5,1.0,1.0,1.0,1.0,2.0,1.0,0.5,2.0
69,Electric,Dark,1.0,1.0,1.0,0.5,1.0,1.0,2.0,1.0,2.0,0.5,0.0,2.0,1.0,0.5,1.0,0.5,0.5,2.0
70,Electric,Steel,0.5,2.0,1.0,0.5,0.5,0.5,2.0,0.0,4.0,0.25,0.5,0.5,0.5,1.0,0.5,1.0,0.25,0.5
71,Electric,Fairy,1.0,1.0,1.0,0.5,1.0,1.0,0.5,2.0,2.0,0.5,1.0,0.5,1.0,1.0,0.0,0.5,1.0,1.0
72,Grass,,1.0,2.0,0.5,0.5,0.5,2.0,1.0,2.0,0.5,2.0,1.0,2.0,1.0,1.0,1.0,1.0,1.0,1.0
73,Grass,Normal,1.0,2.0,0.5,0.5,0.5,2.0,2.0,2.0,0.5,2.0,1.0,2.0,1.0,0.0,1.0,1.0,1.0,1.0
74,Grass,Fire,1.0,1.0,1.0,0.5,0.25,1.0,1.0,2.0,1.0,2.0,1.0,1.0,2.0,1.0,1.0,1.0,0.5,0.5
75,Grass,Water,1.0,1.0,0.25,1.0,1.0,1.0,1.0,2.0,0.5,2.0,1.0,2.0,1.0,1.0,1.0,1.0,0.5,1.0
76,Grass,Electric,1.0,2.0,0.5,0.25,0.5,2.0,1.0,2.0,1.0,1.0,1.0,2.0,1.0,1.0,1.0,1.0,0.5,1.0
77,Grass,Ice,1.0,4.0,0.5,0.5,0.5,1.0,2.0,2.0,0.5,2.0,1.0,2.0,2.0,1.0,1.0,1.0,2.0,1.0
78,Grass,Fighting,1.0,2.0,0.5,0.5,0.5,2.0,1.0,2.0,0.5,4.0,2.0,1.0,0.5,1.0,1.0,0.5,1.0,2.0
79,Grass,Poison,1.0,2.0,0.5,0.5,0.25,2.0,0.5,1.0,1.0,2.0,2.0,1.0,1.0,1.0,1.0,1.0,1.0,0.5
80,Grass,Ground,1.0,2.0,1.0,0.0,1.0,4.0,1.0,1.0,0.5,2.0,1.0,2.0,0.5,1.0,1.0,1.0,1.0,1.0
81,Grass,Flying,1.0,2.0,0.5,1.0,0.25,4.0,0.5,2.0,0.0,2.0,1.0,1.0,2.0,1.0,1.0,1.0,1.0,1.0
82,Grass,Psychic,1.0,2.0,0.5,0.5,0.5,2.0,0.5,2.0,0.5,2.0,0.5,4.0,1.0,2.0,1.0,2.0,1.0,1.0
83,Grass,Bug,1.0,4.0,0.5,0.5,0.25,2.0,0.5,2.0,0.25,4.0,1.0,2.0,2.0,1.0,1.0,1.0,1.0,1.0
84,Grass,Rock,0.5,1.0,1.0,0.5,1.0,2.0,2.0,1.0,1.0,1.0,1.0,2.0,1.0,1.0,1.0,1.0,2.0,1.0
85,Grass,Ghost,0.0,2.0,0.5,0.5,0.5,2.0,0.0,1.0,0.5,2.0,1.0,1.0,1.0,2.0,1.0,2.0,1.0,1.0
86,Grass,Dragon,1.0,1.0,0.25,0.25,0.25,4.0,1.0,2.0,0.5,2.0,1.0,2.0,1.0,1.0,2.0,1.0,1.0,2.0
87,Grass,Dark,1.0,2.0,0.5,0.5,0.5,2.0,2.0,2.0,0.5,2.0,0.0,4.0,1.0,0.5,1.0,0.5,1.0,2.0
88,Grass,Steel,0.5,4.0,0.5,0.5,0.25,1.0,2.0,0.0,1.0,1.0,0.5,1.0,0.5,1.0,0.5,1.0,0.5,0.5
89,Grass,Fairy,1.0,2.0,0.5,0.5,0.5,2.0,0.5,4.0,0.5,2.0,1.0,1.0,1.0,1.0,0.0,0.5,2.0,1.0
90,Ice,,1.0,2.0,1.0,1.0,1.0,0.5,2.0,1.0,1.0,1.0,1.0,1.0,2.0,1.0,1.0,1.0,2.0,1.0
91,Ice,Normal,1.0,2.0,1.0,1.0,1.0,0.5,4.0,1.0,1.0,1.0,1.0,1.0,2.0,0.0,1.0,1.0,2.0,1.0
92,Ice,Fire,1.0,1.0,2.0,1.0,0.5,0.25,2.0,1.0,2.0,1.0,1.0,0.5,4.0,1.0,1.0,1.0,1.0,0.5
93,Ice,Water,1.0,1.0,0.5,2.0,2.0,0.25,2.0,1.0,1.0,1.0,1.0,1.0,2.0,1.0,1.0,1.0,1.0,1.0
94,Ice,Electric,1.0,2.0,1.0,0.5,1.0,0.5,2.0,1.0,2.0,0.5,1.0,1.0,2.0,1.0,1.0,1.0,1.0,1.0
95,Ice,Grass,1.0,4.0,0.5,0.5,0.5,1.0,2.0,2.0,0.5,2.0,1.0,2.0,2.0,1.0,1.0,1.0,2.0,1.0
96,Ice,Fighting,1.0,2.0,1.0,1.0,1.0,0.5,2.0,1.0,1.0,2.0,2.0,0.5,1.0,1.0,1.0,0.5,2.0,2.0
97,Ice,Poison,1.0,2.0,1.0,1.0,0.5,0.5,1.0,0.5,2.0,1.0,2.0,0.5,2.0,1.0,1.0,1.0,2.0,0.5
98,Ice,Ground,1.0,2.0,2.0,0.0,2.0,1.0,2.0,0.5,1.0,1.0,1.0,1.0,1.0,1.0,1.0,1.0,2.0,1.0
99,Ice,Flying,1.0,2.0,1.0,2.0,0.5,1.0,1.0,1.0,0.0,1.0,1.0,0.5,4.0,1.0,1.0,1.0,2.0,1.0
100,Ice,Psychic,1.0,2.0,1.0,1.0,1.0,0.5,1.0,1.0,1.0,1.0,0.5,2.0,2.0,2.0,1.0,2.0,2.0,1.0
101,Ice,Bug,1.0,4.0,1.0,1.0,0.5,0.5,1.0,1.0,0.5,2.0,1.0,1.0,4.0,1.0,1.0,1.0,2.0,1.0
102,Ice,Rock,0.5,1.0,2.0,1.0,2.0,0.5,4.0,0.5,2.0,0.5,1.0,1.0,2.0,1.0,1.0,1.0,4.0,1.0
103,Ice,Ghost,0.0,2.0,1.0,1.0,1.0,0.5,0.0,0.5,1.0,1.0,1.0,0.5,2.0,2.0,1.0,2.0,2.0,1.0
104,Ice,Dragon,1.0,1.0,0.5,0.5,0.5,1.0,2.0,1.0,1.0,1.0,1.0,1.0,2.0,1.0,2.0,1.0,2.0,2.0
105,Ice,Dark,1.0,2.0,1.0,1.0,1.0,0.5,4.0,1.0,1.0,1.0,0.0,2.0,2.0,0.5,1.0,0.5,2.0,2.0
106,Ice,Steel,0.5,4.0,1.0,1.0,0.5,0.25,4.0,0.0,2.0,0.5,0.5,0.5,1.0,1.0,0.5,1.0,1.0,0.5
107,Ice,Fairy,1.0,2.0,1.0,1.0,1.0,0.5,1.0,2.0,1.0,1.0,1.0,0.5,2.0,1.0,0.0,0.5,4.0,1.0
108,Fighting,,1.0,1.0,1.0,1.0,1.0,1.0,1.0,1.0,1.0,2.0,2.0,0.5,0.5,1.0,1.0,0.5,1.0,2.0
109,Fighting,Normal,1.0,1.0,1.0,1.0,1.0,1.0,2.0,1.0,1.0,2.0,2.0,0.5,0.5,0.0,1.0,0.5,1.0,2.0
110,Fighting,Fire,1.0,0.5,2.0,1.0,0.5,0.5,1.0,1.0,2.0,2.0,2.0,0.25,1.0,1.0,1.0,0.5,0.5,1.0
111,Fighting,Water,1.0,0.5,0.5,2.0,2.0,0.5,1.0,1.0,1.0,2.0,2.0,0.5,0.5,1.0,1.0,0.5,0.5,2.0
112,Fighting,Electric,1.0,1.0,1.0,0.5,1.0,1.0,1.0,1.0,2.0,1.0,2.0,0.5,0.5,1.0,1.0,0.5,0.5,2.0
113,Fighting,Grass,1.0,2.0,0.5,0.5,0.5,2.0,1.0,2.0,0.5,4.0,2.0,1.0,0.5,1.0,1.0,0.5,1.0,2.0
114,Fighting,Ice,1.0,2.0,1.0,1.0,1.0,0.5,2.0,1.0,1.0,2.0,2.0,0.5,1.0,1.0,1.0,0.5,2.0,2.0
115,Fighting,Poison,1.0,1.0,1.0,1.0,0.5,1.0,0.5,0.5,2.0,2.0,4.0,0.25,0.5,1.0,1.0,0.5,1.0,1.0
116,Fighting,Ground,1.0,1.0,2.0,0.0,2.0,2.0,1.0,0.5,1.0,2.0,2.0,0.5,0.25,1.0,1.0,0.5,1.0,2.0
117,Fighting,Flying,1.0,1.0,1.0,2.0,0.5,2.0,0.5,1.0,0.0,2.0,2.0,0.25,1.0,1.0,1.0,0.5,1.0,2.0
118,Fighting,Psychic,1.0,1.0,1.0,1.0,1.0,1.0,0.5,1.0,1.0,2.0,1.0,1.0,0.5,2.0,1.0,1.0,1.0,2.0
119,Fighting,Bug,1.0,2.0,1.0,1.0,0.5,1.0,0.5,1.0,0.5,4.0,2.0,0.5,1.0,1.0,1.0,0.5,1.0,2.0
120,Fighting,Rock,0.5,0.5,2.0,1.0,2.0,1.0,2.0,0.5,2.0,1.0,2.0,0.5,0.5,1.0,1.0,0.5,2.0,2.0
121,Fighting,Ghost,0.0,1.0,1.0,1.0,1.0,1.0,0.0,0.5,1.0,2.0,2.0,0.25,0.5,2.0,1.0,1.0,1.0,2.0
122,Fighting,Dragon,1.0,0.5,0.5,0.5,0.5,2.0,1.0,1.0,1.0,2.0,2.0,0.5,0.5,1.0,2.0,0.5,1.0,4.0
123,Fighting,Dark,1.0,1.0,1.0,1.0,1.0,1.0,2.0,1.0,1.0,2.0,0.0,1.0,0.5,0.5,1.0,0.25,1.0,4.0
124,Fighting,Steel,0.5,2.0,1.0,1.0,0.5,0.5,2.0,0.0,2.0,1.0,1.0,0.25,0.25,1.0,0.5,0.5,0.5,1.0
125,Fighting,Fairy,1.0,1.0,1.0,1.0,1.0,1.0,0.5,2.0,1.0,2.0,2.0,0.25,0.5,1.0,0.0,0.25,2.0,2.0
126,Poison,,1.0,1.0,1.0,1.0,0.5,1.0,0.5,0.5,2.0,1.0,2.0,0.5,1.0,1.0,1.0,1.0,1.0,0.5
127,Poison,Normal,1.0,1.0,1.0,1.0,0.5,1.0,1.0,0.5,2.0,1.0,2.0,0.5,1.0,0.0,1.0,1.0,1.0,0.5
128,Poison,Fire,1.0,0.5,2.0,1.0,0.25,0.5,0.5,0.5,4.0,1.0,2.0,0.25,2.0,1.0,1.0,1.0,0.5,0.25
129,Poison,Water,1.0,0.5,0.5,2.0,1.0,0.5,0.5,0.5,2.0,1.0,2.0,0.5,1.0,1.0,1.0,1.0,0.5,0.5
130,Poison,Electric,1.0,1.0,1.0,0.5,0.5,1.0,0.5,0.5,4.0,0.5,2.0,0.5,1.0,1.0,1.0,1.0,0.5,0.5
131,Poison,Grass,1.0,2.0,0.5,0.5,0.25,2.0,0.5,1.0,1.0,2.0,2.0,1.0,1.0,1.0,1.0,1.0,1.0,0.5
132,Poison,Ice,1.0,2.0,1.0,1.0,0.5,0.5,1.0,0.5,2.0,1.0,2.0,0.5,2.0,1.0,1.0,1.0,2.0,0.5
133,Poison,Fighting,1.0,1.0,1.0,1.0,0.5,1.0,0.5,0.5,2.0,2.0,4.0,0.25,0.5,1.0,1.0,0.5,1.0,1.0
134,Poison,Ground,1.0,1.0,2.0,0.0,1.0,2.0,0.5,0.25,2.0,1.0,2.0,0.5,0.5,1.0,1.0,1.0,1.0,0.5
135,Poison,Flying,1.0,1.0,1.0,2.0,0.25,2.0,0.25,0.5,0.0,1.0,2.0,0.25,2.0,1.0,1.0,1.0,1.0,0.5
136,Poison,Psychic,1.0,1.0,1.0,1.0,0.5,1.0,0.25,0.5,2.0,1.0,1.0,1.0,1.0,2.0,1.0,2.0,1.0,0.5
137,Poison,Bug,1.0,2.0,1.0,1.0,0.25,1.0,0.25,0.5,1.0,2.0,2.0,0.5,2.0,1.0,1.0,1.0,1.0,0.5
138,Poison,Rock,0.5,0.5,2.0,1.0,1.0,1.0,1.0,0.25,4.0,0.5,2.0,0.5,1.0,1.0,1.0,1.0,2.0,0.5
139,Poison,Ghost,0.0,1.0,1.0,1.0,0.5,1.0,0.0,0.25,2.0,1.0,2.0,0.25,1.0,2.0,1.0,2.0,1.0,0.5
140,Poison,Dragon,1.0,0.5,0.5,0.5,0.25,2.0,0.5,0.5,2.0,1.0,2.0,0.5,1.0,1.0,2.0,1.0,1.0,1.0
141,Poison,Dark,1.0,1.0,1.0,1.0,0.5,1.0,1.0,0.5,2.0,1.0,0.0,1.0,1.0,0.5,1.0,0.5,1.0,1.0
142,Poison,Steel,0.5,2.0,1.0,1.0,0.25,0.5,1.0,0.0,4.0,0.5,1.0,0.25,0.5,1.0,0.5,1.0,0.5,0.25
143,Poison,Fairy,1.0,1.0,1.0,1.0,0.5,1.0,0.25,1.0,2.0,1.0,2.0,0.25,1.0,1.0,0.0,0.5,2.0,0.5
144,Ground,,1.0,1.0,2.0,0.0,2.0,2.0,1.0,0.5,1.0,1.0,1.0,1.0,0.5,1.0,1.0,1.0,1.0,1.0
145,Ground,Normal,1.0,1.0,2.0,0.0,2.0,2.0,2.0,0.5,1.0,1.0,1.0,1.0,0.5,0.0,1.0,1.0,1.0,1.0
146,Ground,Fire,1.0,0.5,4.0,0.0,1.0,1.0,1.0,0.5,2.0,1.0,1.0,0.5,1.0,1.0,1.0,1.0,0.5,0.5
147,Ground,Water,1.0,0.5,1.0,0.0,4.0,1.0,1.0,0.5,1.0,1.0,1.0,1.0,0.5,1.0,1.0,1.0,0.5,1.0
148,Ground,Electric,1.0,1.0,2.0,0.0,2.0,2.0,1.0,0.5,2.0,0.5,1.0,1.0,0.5,1.0,1.0,1.0,0.5,1.0
149,Ground,Grass,1.0,2.0,1.0,0.0,1.0,4.0,1.0,1.0,0.5,2.0,1.0,2.0,0.5,1.0,1.0,1.0,1.0,1.0
150,Ground,Ice,1.0,2.0,2.0,0.0,2.0,1.0,2.0,0.5,1.0,1.0,1.0,1.0,1.0,1.0,1.0,1.0,2.0,1.0
151,Ground,Fighting,1.0,1.0,2.0,0.0,2.0,2.0,1.0,0.5,1.0,2.0,2.0,0.5,0.25,1.0,1.0,0.5,1.0,2.0
152,Ground,Poison,1.0,1.0,2.0,0.0,1.0,2.0,0.5,0.25,2.0,1.0,2.0,0.5,0.5,1.0,1.0,1.0,1.0,0.5
153,Ground,Flying,1.0,1.0,2.0,0.0,1.0,4.0,0.5,0.5,0.0,1.0,1.0,0.5,1.0,1.0,1.0,1.0,1.0,1.0
154,Ground,Psychic,1.0,1.0,2.0,0.0,2.0,2.0,0.5,0.5,1.0,1.0,0.5,2.0,0.5,2.0,1.0,2.0,1.0,1.0
155,Ground,Bug,1.0,2.0,2.0,0.0,1.0,2.0,0.5,0.5,0.5,2.0,1.0,1.0,1.0,1.0,1.0,1.0,1.0,1.0
156,Ground,Rock,0.5,0.5,4.0,0.0,4.0,2.0,2.0,0.25,2.0,0.5,1.0,1.0,0.5,1.0,1.0,1.0,2.0,1.0
157,Ground,Ghost,0.0,1.0,2.0,0.0,2.0,2.0,0.0,0.25,1.0,1.0,1.0,0.5,0.5,2.0,1.0,2.0,1.0,1.0
158,Ground,Dragon,1.0,0.5,1.0,0.0,1.0,4.0,1.0,0.5,1.0,1.0,1.0,1.0,0.5,1.0,2.0,1.0,1.0,2.0
159,Ground,Dark,1.0,1.0,2.0,0.0,2.0,2.0,2.0,0.5,1.0,1.0,0.0,2.0,0.5,0.5,1.0,0.5,1.0,2.0
160,Ground,Steel,0.5,2.0,2.0,0.0,1.0,1.0,2.0,0.0,2.0,0.5,0.5,0.5,0.25,1.0,0.5,1.0,0.5,0.5
161,Ground,Fairy,1.0,1.0,2.0,0.0,2.0,2.0,0.5,1.0,1.0,1.0,1.0,0.5,0.5,1.0,0.0,0.5,2.0,1.0
162,Flying,,1.0,1.0,1.0,2.0,0.5,2.0,0.5,1.0,0.0,1.0,1.0,0.5,2.0,1.0,1.0,1.0,1.0,1.0
163,Flying,Normal,1.0,1.0,1.0,2.0,0.5,2.0,1.0,1.0,0.0,1.0,1.0,0.5,2.0,0.0,1.0,1.0,1.0,1.0
164,Flying,Fire,1.0,0.5,2.0,2.0,0.25,1.0,0.5,1.0,0.0,1.0,1.0,0.25,4.0,1.0,1.0,1.0,0.5,0.5
165,Flying,Water,1.0,0.5,0.5,4.0,1.0,1.0,0.5,1.0,0.0,1.0,1.0,0.5,2.0,1.0,1.0,1.0,0.5,1.0
166,Flying,Electric,1.0,1.0,1.0,1.0,0.5,2.0,0.5,1.0,0.0,0.5,1.0,0.5,2.0,1.0,1.0,1.0,0.5,1.0
167,Flying,Grass,1.0,2.0,0.5,1.0,0.25,4.0,0.5,2.0,0.0,2.0,1.0,1.0,2.0,1.0,1.0,1.0,1.0,1.0
168,Flying,Ice,1.0,2.0,1.0,2.0,0.5,1.0,1.0,1.0,0.0,1.0,1.0,0.5,4.0,1.0,1.0,1.0,2.0,1.0
169,Flying,Fighting,1.0,1.0,1.0,2.0,0.5,2.0,0.5,1.0,0.0,2.0,2.0,0.25,1.0,1.0,1.0,0.5,1.0,2.0
170,Flying,Poison,1.0,1.0,1.0,2.0,0.25,2.0,0.25,0.5,0.0,1.0,2.0,0.25,2.0,1.0,1.0,1.0,1.0,0.5
171,Flying,Ground,1.0,1.0,2.0,0.0,1.0,4.0,0.5,0.5,0.0,1.0,1.0,0.5,1.0,1.0,1.0,1.0,1.0,1.0
172,Flying,Psychic,1.0,1.0,1.0,2.0,0.5,2.0,0.25,1.0,0.0,1.0,0.5,1.0,2.0,2.0,1.0,2.0,1.0,1.0
173,Flying,Bug,1.0,2.0,1.0,2.0,0.25,2.0,0.25,1.0,0.0,2.0,1.0,0.5,4.0,1.0,1.0,1.0,1.0,1.0
174,Flying,Rock,0.5,0.5,2.0,2.0,1.0,2.0,1.0,0.5,0.0,0.5,1.0,0.5,2.0,1.0,1.0,1.0,2.0,1.0
175,Flying,Ghost,0.0,1.0,1.0,2.0,0.5,2.0,0.0,0.5,0.0,1.0,1.0,0.25,2.0,2.0,1.0,2.0,1.0,1.0
176,Flying,Dragon,1.0,0.5,0.5,1.0,0.25,4.0,0.5,1.0,0.0,1.0,1.0,0.5,2.0,1.0,2.0,1.0,1.0,2.0
177,Flying,Dark,1.0,1.0,1.0,2.0,0.5,2.0,1.0,1.0,0.0,1.0,0.0,1.0,2.0,0.5,1.0,0.5,1.0,2.0
178,Flying,Steel,0.5,2.0,1.0,2.0,0.25,1.0,1.0,0.0,0.0,0.5,0.5,0.25,1.0,1.0,0.5,1.0,0.5,0.5
179,Flying,Fairy,1.0,1.0,1.0,2.0,0.5,2.0,0.25,2.0,0.0,1.0,1.0,0.25,2.0,1.0,0.0,0.5,2.0,1.0
180,Psychic,,1.0,1.0,1.0,1.0,1.0,1.0,0.5,1.0,1.0,1.0,0.5,2.0,1.0,2.0,1.0,2.0,1.0,1.0
181,Psychic,Normal,1.0,1.0,1.0,1.0,1.0,1.0,1.0,1.0,1.0,1.0,0.5,2.0,1.0,0.0,1.0,2.0,1.0,1.0
182,Psychic,Fire,1.0,0.5,2.0,1.0,0.5,0.5,0.5,1.0,2.0,1.0,0.5,1.0,2.0,2.0,1.0,2.0,0.5,0.5
183,Psychic,Water,1.0,0.5,0.5,2.0,2.0,0.5,0.5,1.0,1.0,1.0,0.5,2.0,1.0,2.0,1.0,2.0,0.5,1.0
184,Psychic,Electric,1.0,1.0,1.0,0.5,1.0,1.0,0.5,1.0,2.0,0.5,0.5,2.0,1.0,2.0,1.0,2.0,0.5,1.0
185,Psychic,Grass,1.0,2.0,0.5,0.5,0.5,2.0,0.5,2.0,0.5,2.0,0.5,4.0,1.0,2.0,1.0,2.0,1.0,1.0
186,Psychic,Ice,1.0,2.0,1.0,1.0,1.0,0.5,1.0,1.0,1.0,1.0,0.5,2.0,2.0,2.0,1.0,2.0,2.0,1.0
187,Psychic,Fighting,1.0,1.0,1.0,1.0,1.0,1.0,0.5,1.0,1.0,2.0,1.0,1.0,0.5,2.0,1.0,1.0,1.0,2.0
188,Psychic,Poison,1.0,1.0,1.0,1.0,0.5,1.0,0.25,0.5,2.0,1.0,1.0,1.0,1.0,2.0,1.0,2.0,1.0,0.5
189,Psychic,Ground,1.0,1.0,2.0,0.0,2.0,2.0,0.5,0.5,1.0,1.0,0.5,2.0,0.5,2.0,1.0,2.0,1.0,1.0
190,Psychic,Flying,1.0,1.0,1.0,2.0,0.5,2.0,0.25,1.0,0.0,1.0,0.5,1.0,2.0,2.0,1.0,2.0,1.0,1.0
191,Psychic,Bug,1.0,2.0,1.0,1.0,0.5,1.0,0.25,1.0,0.5,2.0,0.5,2.0,2.0,2.0,1.0,2.0,1.0,1.0
192,Psychic,Rock,0.5,0.5,2.0,1.0,2.0,1.0,1.0,0.5,2.0,0.5,0.5,2.0,1.0,2.0,1.0,2.0,2.0,1.0
193,Psychic,Ghost,0.0,1.0,1.0,1.0,1.0,1.0,0.0,0.5,1.0,1.0,0.5,1.0,1.0,4.0,1.0,4.0,1.0,1.0
194,Psychic,Dragon,1.0,0.5,0.5,0.5,0.5,2.0,0.5,1.0,1.0,1.0,0.5,2.0,1.0,2.0,2.0,2.0,1.0,2.0
195,Psychic,Dark,1.0,1.0,1.0,1.0,1.0,1.0,1.0,1.0,1.0,1.0,0.0,4.0,1.0,1.0,1.0,1.0,1.0,2.0
196,Psychic,Steel,0.5,2.0,1.0,1.0,0.5,0.5,1.0,0.0,2.0,0.5,0.25,1.0,0.5,2.0,0.5,2.0,0.5,0.5
197,Psychic,Fairy,1.0,1.0,1.0,1.0,1.0,1.0,0.25,2.0,1.0,1.0,0.5,1.0,1.0,2.0,0.0,1.0,2.0,1.0
198,Bug,,1.0,2.0,1.0,1.0,0.5,1.0,0.5,1.0,0.5,2.0,1.0,1.0,2.0,1.0,1.0,1.0,1.0,1.0
199,Bug,Normal,1.0,2.0,1.0,1.0,0.5,1.0,1.0,1.0,0.5,2.0,1.0,1.0,2.0,0.0,1.0,1.0,1.0,1.0
200,Bug,Fire,1.0,1.0,2.0,1.0,0.25,0.5,0.5,1.0,1.0,2.0,1.0,0.5,4.0,1.0,1.0,1.0,0.5,0.5
201,Bug,Water,1.0,1.0,0.5,2.0,1.0,0.5,0.5,1.0,0.5,2.0,1.0,1.0,2.0,1.0,1.0,1.0,0.5,1.0
202,Bug,Electric,1.0,2.0,1.0,0.5,0.5,1.0,0.5,1.0,1.0,1.0,1.0,1.0,2.0,1.0,1.0,1.0,0.5,1.0
203,Bug,Grass,1.0,4.0,0.5,0.5,0.25,2.0,0.5,2.0,0.25,4.0,1.0,2.0,2.0,1.0,1.0,1.0,1.0,1.0
204,Bug,Ice,1.0,4.0,1.0,1.0,0.5,0.5,1.0,1.0,0.5,2.0,1.0,1.0,4.0,1.0,1.0,1.0,2.0,1.0
205,Bug,Fighting,1.0,2.0,1.0,1.0,0.5,1.0,0.5,1.0,0.5,4.0,2.0,0.5,1.0,1.0,1.0,0.5,1.0,2.0
206,Bug,Poison,1.0,2.0,1.0,1.0,0.25,1.0,0.25,0.5,1.0,2.0,2.0,0.5,2.0,1.0,1.0,1.0,1.0,0.5
207,Bug,Ground,1.0,2.0,2.0,0.0,1.0,2.0,0.5,0.5,0.5,2.0,1.0,1.0,1.0,1.0,1.0,1.0,1.0,1.0
208,Bug,Flying,1.0,2.0,1.0,2.0,0.25,2.0,0.25,1.0,0.0,2.0,1.0,0.5,4.0,1.0,1.0,1.0,1.0,1.0
209,Bug,Psychic,1.0,2.0,1.0,1.0,0.5,1.0,0.25,1.0,0.5,2.0,0.5,2.0,2.0,2.0,1.0,2.0,1.0,1.0
210,Bug,Rock,0.5,1.0,2.0,1.0,1.0,1.0,1.0,0.5,1.0,1.0,1.0,1.0,2.0,1.0,1.0,1.0,2.0,1.0
211,Bug,Ghost,0.0,2.0,1.0,1.0,0.5,1.0,0.0,0.5,0.5,2.0,1.0,0.5,2.0,2.0,1.0,2.0,1.0,1.0
212,Bug,Dragon,1.0,1.0,0.5,0.5,0.25,2.0,0.5,1.0,0.5,2.0,1.0,1.0,2.0,1.0,2.0,1.0,1.0,2.0
213,Bug,Dark,1.0,2.0,1.0,1.0,0.5,1.0,1.0,1.0,0.5,2.0,0.0,2.0,2.0,0.5,1.0,0.5,1.0,2.0
214,Bug,Steel,0.5,4.0,1.0,1.0,0.25,0.5,1.0,0.0,1.0,1.0,0.5,0.5,1.0,1.0,0.5,1.0,0.5,0.5
215,Bug,Fairy,1.0,2.0,1.0,1.0,0.5,1.0,0.25,2.0,0.5,2.0,1.0,0.5,2.0,1.0,0.0,0.5,2.0,1.0
216,Rock,,0.5,0.5,2.0,1.0,2.0,1.0,2.0,0.5,2.0,0.5,1.0,1.0,1.0,1.0,1.0,1.0,2.0,1.0
217,Rock,Normal,0.5,0.5,2.0,1.0,2.0,1.0,4.0,0.5,2.0,0.5,1.0,1.0,1.0,0.0,1.0,1.0,2.0,1.0
218,Rock,Fire,0.5,0.25,4.0,1.0,1.0,0.5,2.0,0.5,4.0,0.5,1.0,0.5,2.0,1.0,1.0,1.0,1.0,0.5
219,Rock,Water,0.5,0.25,1.0,2.0,4.0,0.5,2.0,0.5,2.0,0.5,1.0,1.0,1.0,1.0,1.0,1.0,1.0,1.0
220,Rock,Electric,0.5,0.5,2.0,0.5,2.0,1.0,2.0,0.5,4.0,0.25,1.0,1.0,1.0,1.0,1.0,1.0,1.0,1.0
221,Rock,Grass,0.5,1.0,1.0,0.5,1.0,2.0,2.0,1.0,1.0,1.0,1.0,2.0,1.0,1.0,1.0,1.0,2.0,1.0
222,Rock,Ice,0.5,1.0,2.0,1.0,2.0,0.5,4.0,0.5,2.0,0.5,1.0,1.0,2.0,1.0,1.0,1.0,4.0,1.0
223,Rock,Fighting,0.5,0.5,2.0,1.0,2.0,1.0,2.0,0.5,2.0,1.0,2.0,0.5,0.5,1.0,1.0,0.5,2.0,2.0
224,Rock,Poison,0.5,0.5,2.0,1.0,1.0,1.0,1.0,0.25,4.0,0.5,2.0,0.5,1.0,1.0,1.0,1.0,2.0,0.5
225,Rock,Ground,0.5,0.5,4.0,0.0,4.0,2.0,2.0,0.25,2.0,0.5,1.0,1.0,0.5,1.0,1.0,1.0,2.0,1.0
226,Rock,Flying,0.5,0.5,2.0,2.0,1.0,2.0,1.0,0.5,0.0,0.5,1.0,0.5,2.0,1.0,1.0,1.0,2.0,1.0
227,Rock,Psychic,0.5,0.5,2.0,1.0,2.0,1.0,1.0,0.5,2.0,0.5,0.5,2.0,1.0,2.0,1.0,2.0,2.0,1.0
228,Rock,Bug,0.5,1.0,2.0,1.0,1.0,1.0,1.0,0.5,1.0,1.0,1.0,1.0,2.0,1.0,1.0,1.0,2.0,1.0
229,Rock,Ghost,0.0,0.5,2.0,1.0,2.0,1.0,0.0,0.25,2.0,0.5,1.0,0.5,1.0,2.0,1.0,2.0,2.0,1.0
230,Rock,Dragon,0.5,0.25,1.0,0.5,1.0,2.0,2.0,0.5,2.0,0.5,1.0,1.0,1.0,1.0,2.0,1.0,2.0,2.0
231,Rock,Dark,0.5,0.5,2.0,1.0,2.0,1.0,4.0,0.5,2.0,0.5,0.0,2.0,1.0,0.5,1.0,0.5,2.0,2.0
232,Rock,Steel,0.25,1.0,2.0,1.0,1.0,0.5,4.0,0.0,4.0,0.25,0.5,0.5,0.5,1.0,0.5,1.0,1.0,0.5
233,Rock,Fairy,0.5,0.5,2.0,1.0,2.0,1.0,1.0,1.0,2.0,0.5,1.0,0.5,1.0,1.0,0.0,0.5,4.0,1.0
234,Ghost,,0.0,1.0,1.0,1.0,1.0,1.0,0.0,0.5,1.0,1.0,1.0,0.5,1.0,2.0,1.0,2.0,1.0,1.0
235,Ghost,Normal,0.0,1.0,1.0,1.0,1.0,1.0,0.0,0.5,1.0,1.0,1.0,0.5,1.0,0.0,1.0,2.0,1.0,1.0
236,Ghost,Fire,0.0,0.5,2.0,1.0,0.5,0.5,0.0,0.5,2.0,1.0,1.0,0.25,2.0,2.0,1.0,2.0,0.5,0.5
237,Ghost,Water,0.0,0.5,0.5,2.0,2.0,0.5,0.0,0.5,1.0,1.0,1.0,0.5,1.0,2.0,1.0,2.0,0.5,1.0
238,Ghost,Electric,0.0,1.0,1.0,0.5,1.0,1.0,0.0,0.5,2.0,0.5,1.0,0.5,1.0,2.0,1.0,2.0,0.5,1.0
239,Ghost,Grass,0.0,2.0,0.5,0.5,0.5,2.0,0.0,1.0,0.5,2.0,1.0,1.0,1.0,2.0,1.0,2.0,1.0,1.0
240,Ghost,Ice,0.0,2.0,1.0,1.0,1.0,0.5,0.0,0.5,1.0,1.0,1.0,0.5,2.0,2.0,1.0,2.0,2.0,1.0
241,Ghost,Fighting,0.0,1.0,1.0,1.0,1.0,1.0,0.0,0.5,1.0,2.0,2.0,0.25,0.5,2.0,1.0,1.0,1.0,2.0
242,Ghost,Poison,0.0,1.0,1.0,1.0,0.5,1.0,0.0,0.25,2.0,1.0,2.0,0.25,1.0,2.0,1.0,2.0,1.0,0.5
243,Ghost,Ground,0.0,1.0,2.0,0.0,2.0,2.0,0.0,0.25,1.0,1.0,1.0,0.5,0.5,2.0,1.0,2.0,1.0,1.0
244,Ghost,Flying,0.0,1.0,1.0,2.0,0.5,2.0,0.0,0.5,0.0,1.0,1.0,0.25,2.0,2.0,1.0,2.0,1.0,1.0
245,Ghost,Psychic,0.0,1.0,1.0,1.0,1.0,1.0,0.0,0.5,1.0,1.0,0.5,1.0,1.0,4.0,1.0,4.0,1.0,1.0
246,Ghost,Bug,0.0,2.0,1.0,1.0,0.5,1.0,0.0,0.5,0.5,2.0,1.0,0.5,2.0,2.0,1.0,2.0,1.0,1.0
247,Ghost,Rock,0.0,0.5,2.0,1.0,2.0,1.0,0.0,0.25,2.0,0.5,1.0,0.5,1.0,2.0,1.0,2.0,2.0,1.0
248,Ghost,Dragon,0.0,0.5,0.5,0.5,0.5,2.0,0.0,0.5,1.0,1.0,1.0,0.5,1.0,2.0,2.0,2.0,1.0,2.0
249,Ghost,Dark,0.0,1.0,1.0,1.0,1.0,1.0,0.0,0.5,1.0,1.0,0.0,1.0,1.0,1.0,1.0,1.0,1.0,2.0
250,Ghost,Steel,0.0,2.0,1.0,1.0,0.5,0.5,0.0,0.0,2.0,0.5,0.5,0.25,0.5,2.0,0.5,2.0,0.5,0.5
251,Ghost,Fairy,0.0,1.0,1.0,1.0,1.0,1.0,0.0,1.0,1.0,1.0,1.0,0.25,1.0,2.0,0.0,1.0,2.0,1.0
252,Dragon,,1.0,0.5,0.5,0.5,0.5,2.0,1.0,1.0,1.0,1.0,1.0,1.0,1.0,1.0,2.0,1.0,1.0,2.0
253,Dragon,Normal,1.0,0.5,0.5,0.5,0.5,2.0,2.0,1.0,1.0,1.0,1.0,1.0,1.0,0.0,2.0,1.0,1.0,2.0
254,Dragon,Fire,1.0,0.25,1.0,0.5,0.25,1.0,1.0,1.0,2.0,1.0,1.0,0.5,2.0,1.0,2.0,1.0,0.5,1.0
255,Dragon,Water,1.0,0.25,0.25,1.0,1.0,1.0,1.0,1.0,1.0,1.0,1.0,1.0,1.0,1.0,2.0,1.0,0.5,2.0
256,Dragon,Electric,1.0,0.5,0.5,0.25,0.5,2.0,1.0,1.0,2.0,0.5,1.0,1.0,1.0,1.0,2.0,1.0,0.5,2.0
257,Dragon,Grass,1.0,1.0,0.25,0.25,0.25,4.0,1.0,2.0,0.5,2.0,1.0,2.0,1.0,1.0,2.0,1.0,1.0,2.0
258,Dragon,Ice,1.0,1.0,0.5,0.5,0.5,1.0,2.0,1.0,1.0,1.0,1.0,1.0,2.0,1.0,2.0,1.0,2.0,2.0
259,Dragon,Fighting,1.0,0.5,0.5,0.5,0.5,2.0,1.0,1.0,1.0,2.0,2.0,0.5,0.5,1.0,2.0,0.5,1.0,4.0
260,Dragon,Poison,1.0,0.5,0.5,0.5,0.25,2.0,0.5,0.5,2.0,1.0,2.0,0.5,1.0,1.0,2.0,1.0,1.0,1.0
261,Dragon,Ground,1.0,0.5,1.0,0.0,1.0,4.0,1.0,0.5,1.0,1.0,1.0,1.0,0.5,1.0,2.0,1.0,1.0,2.0
262,Dragon,Flying,1.0,0.5,0.5,1.0,0.25,4.0,0.5,1.0,0.0,1.0,1.0,0.5,2.0,1.0,2.0,1.0,1.0,2.0
263,Dragon,Psychic,1.0,0.5,0.5,0.5,0.5,2.0,0.5,1.0,1.0,1.0,0.5,2.0,1.0,2.0,2.0,2.0,1.0,2.0
264,Dragon,Bug,1.0,1.0,0.5,0.5,0.25,2.0,0.5,1.0,0.5,2.0,1.0,1.0,2.0,1.0,2.0,1.0,1.0,2.0
265,Dragon,Rock,0.5,0.25,1.0,0.5,1.0,2.0,2.0,0.5,2.0,0.5,1.0,1.0,1.0,1.0,2.0,1.0,2.0,2.0
266,Dragon,Ghost,0.0,0.5,0.5,0.5,0.5,2.0,0.0,0.5,1.0,1.0,1.0,0.5,1.0,2.0,2.0,2.0,1.0,2.0
267,Dragon,Dark,1.0,0.5,0.5,0.5,0.5,2.0,2.0,1.0,1.0,1.0,0.0,2.0,1.0,0.5,2.0,0.5,1.0,4.0
268,Dragon,Steel,0.5,1.0,0.5,0.5,0.25,1.0,2.0,0.0,2.0,0.5,0.5,0.5,0.5,1.0,1.0,1.0,0.5,1.0
269,Dragon,Fairy,1.0,0.5,0.5,0.5,0.5,2.0,0.5,2.0,1.0,1.0,1.0,0.5,1.0,1.0,0.0,0.5,2.0,2.0
270,Dark,,1.0,1.0,1.0,1.0,1.0,1.0,2.0,1.0,1.0,1.0,0.0,2.0,1.0,0.5,1.0,0.5,1.0,2.0
271,Dark,Normal,1.0,1.0,1.0,1.0,1.0,1.0,4.0,1.0,1.0,1.0,0.0,2.0,1.0,0.0,1.0,0.5,1.0,2.0
272,Dark,Fire,1.0,0.5,2.0,1.0,0.5,0.5,2.0,1.0,2.0,1.0,0.0,1.0,2.0,0.5,1.0,0.5,0.5,1.0
273,Dark,Water,1.0,0.5,0.5,2.0,2.0,0.5,2.0,1.0,1.0,1.0,0.0,2.0,1.0,0.5,1.0,0.5,0.5,2.0
274,Dark,Electric,1.0,1.0,1.0,0.5,1.0,1.0,2.0,1.0,2.0,0.5,0.0,2.0,1.0,0.5,1.0,0.5,0.5,2.0
275,Dark,Grass,1.0,2.0,0.5,0.5,0.5,2.0,2.0,2.0,0.5,2.0,0.0,4.0,1.0,0.5,1.0,0.5,1.0,2.0
276,Dark,Ice,1.0,2.0,1.0,1.0,1.0,0.5,4.0,1.0,1.0,1.0,0.0,2.0,2.0,0.5,1.0,0.5,2.0,2.0
277,Dark,Fighting,1.0,1.0,1.0,1.0,1.0,1.0,2.0,1.0,1.0,2.0,0.0,1.0,0.5,0.5,1.0,0.25,1.0,4.0
278,Dark,Poison,1.0,1.0,1.0,1.0,0.5,1.0,1.0,0.5,2.0,1.0,0.0,1.0,1.0,0.5,1.0,0.5,1.0,1.0
279,Dark,Ground,1.0,1.0,2.0,0.0,2.0,2.0,2.0,0.5,1.0,1.0,0.0,2.0,0.5,0.5,1.0,0.5,1.0,2.0
280,Dark,Flying,1.0,1.0,1.0,2.0,0.5,2.0,1.0,1.0,0.0,1.0,0.0,1.0,2.0,0.5,1.0,0.5,1.0,2.0
281,Dark,Psychic,1.0,1.0,1.0,1.0,1.0,1.0,1.0,1.0,1.0,1.0,0.0,4.0,1.0,1.0,1.0,1.0,1.0,2.0
282,Dark,Bug,1.0,2.0,1.0,1.0,0.5,1.0,1.0,1.0,0.5,2.0,0.0,2.0,2.0,0.5,1.0,0.5,1.0,2.0
283,Dark,Rock,0.5,0.5,2.0,1.0,2.0,1.0,4.0,0.5,2.0,0.5,0.0,2.0,1.0,0.5,1.0,0.5,2.0,2.0
284,Dark,Ghost,0.0,1.0,1.0,1.0,1.0,1.0,0.0,0.5,1.0,1.0,0.0,1.0,1.0,1.0,1.0,1.0,1.0,2.0
285,Dark,Dragon,1.0,0.5,0.5,0.5,0.5,2.0,2.0,1.0,1.0,1.0,0.0,2.0,1.0,0.5,2.0,0.5,1.0,4.0
286,Dark,Steel,0.5,2.0,1.0,1.0,0.5,0.5,4.0,0.0,2.0,0.5,0.0,1.0,0.5,0.5,0.5,0.5,0.5,1.0
287,Dark,Fairy,1.0,1.0,1.0,1.0,1.0,1.0,1.0,2.0,1.0,1.0,0.0,1.0,1.0,0.5,0.0,0.25,2.0,2.0
288,Steel,,0.5,2.0,1.0,1.0,0.5,0.5,2.0,0.0,2.0,0.5,0.5,0.5,0.5,1.0,0.5,1.0,0.5,0.5
289,Steel,Normal,0.5,2.0,1.0,1.0,0.5,0.5,4.0,0.0,2.0,0.5,0.5,0.5,0.5,0.0,0.5,1.0,0.5,0.5
290,Steel,Fire,0.5,1.0,2.0,1.0,0.25,0.25,2.0,0.0,4.0,0.5,0.5,0.25,1.0,1.0,0.5,1.0,0.25,0.25
291,Steel,Water,0.5,1.0,0.5,2.0,1.0,0.25,2.0,0.0,2.0,0.5,0.5,0.5,0.5,1.0,0.5,1.0,0.25,0.5
292,Steel,Electric,0.5,2.0,1.0,0.5,0.5,0.5,2.0,0.0,4.0,0.25,0.5,0.5,0.5,1.0,0.5,1.0,0.25,0.5
293,Steel,Grass,0.5,4.0,0.5,0.5,0.25,1.0,2.0,0.0,1.0,1.0,0.5,1.0,0.5,1.0,0.5,1.0,0.5,0.5
294,Steel,Ice,0.5,4.0,1.0,1.0,0.5,0.25,4.0,0.0,2.0,0.5,0.5,0.5,1.0,1.0,0.5,1.0,1.0,0.5
295,Steel,Fighting,0.5,2.0,1.0,1.0,0.5,0.5,2.0,0.0,2.0,1.0,1.0,0.25,0.25,1.0,0.5,0.5,0.5,1.0
296,Steel,Poison,0.5,2.0,1.0,1.0,0.25,0.5,1.0,0.0,4.0,0.5,1.0,0.25,0.5,1.0,0.5,1.0,0.5,0.25
297,Steel,Ground,0.5,2.0,2.0,0.0,1.0,1.0,2.0,0.0,2.0,0.5,0.5,0.5,0.25,1.0,0.5,1.0,0.5,0.5
298,Steel,Flying,0.5,2.0,1.0,2.0,0.25,1.0,1.0,0.0,0.0,0.5,0.5,0.25,1.0,1.0,0.5,1.0,0.5,0.5
299,Steel,Psychic,0.5,2.0,1.0,1.0,0.5,0.5,1.0,0.0,2.0,0.5,0.25,1.0,0.5,2.0,0.5,2.0,0.5,0.5
300,Steel,Bug,0.5,4.0,1.0,1.0,0.25,0.5,1.0,0.0,1.0,1.0,0.5,0.5,1.0,1.0,0.5,1.0,0.5,0.5
301,Steel,Rock,0.25,1.0,2.0,1.0,1.0,0.5,4.0,0.0,4.0,0.25,0.5,0.5,0.5,1.0,0.5,1.0,1.0,0.5
302,Steel,Ghost,0.0,2.0,1.0,1.0,0.5,0.5,0.0,0.0,2.0,0.5,0.5,0.25,0.5,2.0,0.5,2.0,0.5,0.5
303,Steel,Dragon,0.5,1.0,0.5,0.5,0.25,1.0,2.0,0.0,2.0,0.5,0.5,0.5,0.5,1.0,1.0,1.0,0.5,1.0
304,Steel,Dark,0.5,2.0,1.0,1.0,0.5,0.5,4.0,0.0,2.0,0.5,0.0,1.0,0.5,0.5,0.5,0.5,0.5,1.0
305,Steel,Fairy,0.5,2.0,1.0,1.0,0.5,0.5,1.0,0.0,2.0,0.5,0.5,0.25,0.5,1.0,0.0,0.5,1.0,0.5
306,Fairy,,1.0,1.0,1.0,1.0,1.0,1.0,0.5,2.0,1.0,1.0,1.0,0.5,1.0,1.0,0.0,0.5,2.0,1.0
307,Fairy,Normal,1.0,1.0,1.0,1.0,1.0,1.0,1.0,2.0,1.0,1.0,1.0,0.5,1.0,0.0,0.0,0.5,2.0,1.0
308,Fairy,Fire,1.0,0.5,2.0,1.0,0.5,0.5,0.5,2.0,2.0,1.0,1.0,0.25,2.0,1.0,0.0,0.5,1.0,0.5
309,Fairy,Water,1.0,0.5,0.5,2.0,2.0,0.5,0.5,2.0,1.0,1.0,1.0,0.5,1.0,1.0,0.0,0.5,1.0,1.0
310,Fairy,Electric,1.0,1.0,1.0,0.5,1.0,1.0,0.5,2.0,2.0,0.5,1.0,0.5,1.0,1.0,0.0,0.5,1.0,1.0
311,Fairy,Grass,1.0,2.0,0.5,0.5,0.5,2.0,0.5,4.0,0.5,2.0,1.0,1.0,1.0,1.0,0.0,0.5,2.0,1.0
312,Fairy,Ice,1.0,2.0,1.0,1.0,1.0,0.5,1.0,2.0,1.0,1.0,1.0,0.5,2.0,1.0,0.0,0.5,4.0,1.0
313,Fairy,Fighting,1.0,1.0,1.0,1.0,1.0,1.0,0.5,2.0,1.0,2.0,2.0,0.25,0.5,1.0,0.0,0.25,2.0,2.0
314,Fairy,Poison,1.0,1.0,1.0,1.0,0.5,1.0,0.25,1.0,2.0,1.0,2.0,0.25,1.0,1.0,0.0,0.5,2.0,0.5
315,Fairy,Ground,1.0,1.0,2.0,0.0,2.0,2.0,0.5,1.0,1.0,1.0,1.0,0.5,0.5,1.0,0.0,0.5,2.0,1.0
316,Fairy,Flying,1.0,1.0,1.0,2.0,0.5,2.0,0.25,2.0,0.0,1.0,1.0,0.25,2.0,1.0,0.0,0.5,2.0,1.0
317,Fairy,Psychic,1.0,1.0,1.0,1.0,1.0,1.0,0.25,2.0,1.0,1.0,0.5,1.0,1.0,2.0,0.0,1.0,2.0,1.0
318,Fairy,Bug,1.0,2.0,1.0,1.0,0.5,1.0,0.25,2.0,0.5,2.0,1.0,0.5,2.0,1.0,0.0,0.5,2.0,1.0
319,Fairy,Rock,0.5,0.5,2.0,1.0,2.0,1.0,1.0,1.0,2.0,0.5,1.0,0.5,1.0,1.0,0.0,0.5,4.0,1.0
320,Fairy,Ghost,0.0,1.0,1.0,1.0,1.0,1.0,0.0,1.0,1.0,1.0,1.0,0.25,1.0,2.0,0.0,1.0,2.0,1.0
321,Fairy,Dragon,1.0,0.5,0.5,0.5,0.5,2.0,0.5,2.0,1.0,1.0,1.0,0.5,1.0,1.0,0.0,0.5,2.0,2.0
322,Fairy,Dark,1.0,1.0,1.0,1.0,1.0,1.0,1.0,2.0,1.0,1.0,0.0,1.0,1.0,0.5,0.0,0.25,2.0,2.0
323,Fairy,Steel,0.5,2.0,1.0,1.0,0.5,0.5,1.0,0.0,2.0,0.5,0.5,0.25,0.5,1.0,0.0,0.5,1.0,0.5
